Workbook

Sheet 24-25
F3: 45383 | M3: 45413 | T3: 45444 | AA3: 45474 | AH3: 45505 | AO3: 45536 | AV3: 45566 | BC3: 45597 | BJ3: 45627 | BQ3: 45658 | BX3: 45689 | CE3: 45717
A4: Category | B4: Product Description | C4: CIF Rate | D4: NPR CASE RATE | E4: Pack Size | F4: April-24 Opening | G4: PURCHASES OF APRIL | H4: PRIMARY TILL 31-04-2024 | I4: SALES RETURN | J4: CLOSING | K4: March Transit | L4: April Transit | M4: May-24 Opening | N4: PURCHASES OF May | O4: PRIMARY TILL 31-05-2024 | P4: SALES RETURN | Q4: CLOSING | R4: May Transit | S4: June PI Plan | T4: June-24 Opening | U4: PURCHASES OF June | V4: PRIMARY TILL 30-06-2024 | W4: SALES RETURN | X4: CLOSING | Y4: June Transit | Z4: July PI Plan | AA4: July-24 Opening | AB4: PURCHASES OF July | AC4: PRIMARY TILL 31-07-2024 | AD4: SALES RETURN | AE4: CLOSING | AF4: July Transit | AG4: Aug PI Plan | AH4: Aug-24 Opening | AI4: PURCHASES OF Aug | AJ4: PRIMARY TILL 31-08-2024 | AK4: SALES RETURN | AL4: CLOSING | AM4: Aug Transit | AN4: Sept PI Plan | AO4: Sept-24 Opening | AP4: PURCHASES OF Sept | AQ4: PRIMARY TILL 30-09-2024 | AR4: SALES RETURN | AS4: CLOSING | AT4: Sept Transit | AU4: Oct PI Plan | AV4: Oct-24 Opening | AW4: PURCHASES OF OCT | AX4: PRIMARY TILL 30-10-2024 | AY4: SALES RETURN | AZ4: CLOSING | BA4: Oct Transit | BB4: Sept PI Plan | BC4: Nov-24 Opening | BD4: PURCHASES OF Nov | BE4: PRIMARY TILL 30-11-2024 | BF4: SALES RETURN | BG4: CLOSING | BH4: Nov Transit | BI4: Dec PI Plan | BJ4: Dec-24 Opening | BK4: PURCHASES OF DEC | BL4: PRIMARY TILL 30-12-2024 | BM4: SALES RETURN | BN4: CLOSING | BO4: Dec Transit | BP4: Jan-025 PI Plan | BQ4: Jan-25 Opening | BR4: PURCHASES OF Jan | BS4: PRIMARY TILL 31-01-2025 | BT4: SALES RETURN | BU4: CLOSING | BV4: Jan Transit | BW4: Feb-025 PI Plan | BX4: Feb-25 Opening | BY4: PURCHASES OF FEB' | BZ4: PRIMARY TILL 28-02-2025 | CA4: SALES RETURN | CB4: CLOSING | CC4: Feb Transit | CD4: March-025 PI Plan | CE4: March-25 Opening | CF4: PURCHASES OF MARCH' | CG4: PRIMARY TILL 31-03-2025 | CH4: SALES RETURN | CI4: CLOSING
A5: BAKING POWDER | B5: WKFLD. BAKING POWDER 100*100GM | C5: 1204 | D5: 3885.101 | E5: 100 | F5: 5.65 | G5: 0 | H5: 3.27 | I5: 2.27 | J5: =F5+G5+I5-H5 -> 4.65 | L5: 100 | M5: =J5 -> 4.65 | N5: 100 | O5: 102.65 | P5: 6 | Q5: =M5+N5+P5-O5 -> 8 | R5: 100 | S5: 50 | T5: =Q5 -> 8 | U5: 100 | V5: 65 | X5: =T5+U5+W5-V5 -> 43 | AA5: =X5 -> 43 | AB5: 125 | AC5: 91.4 | AD5: 4.4 | AE5: =AA5+AB5+AD5-AC5 -> 81 | AH5: =AE5 -> 81 | AJ5: 88.69 | AK5: 7.69 | AL5: =AH5+AI5+AK5-AJ5 -> 0 | AM5: 50 | AN5: 100 | AO5: =AL5 -> 0 | AP5: 150 | AQ5: 81 | AS5: =AO5+AP5+AR5-AQ5 -> 69 | AV5: =AS5 -> 69 | AX5: 28 | AZ5: =AV5+AW5+AY5-AX5 -> 41 | BC5: =AZ5 -> 41 | BD5: 75 | BE5: 67 | BF5: 5 | BG5: =BC5+BD5+BF5-BE5 -> 54 | BJ5: =BG5 -> 54 | BK5: 50 | BL5: 41.4 | BM5: 14.1 | BN5: =BJ5+BK5+BM5-BL5 -> 76.7 | BQ5: =BN5 -> 76.7 | BS5: 77 | BT5: 4.92 | BU5: =BQ5+BR5+BT5-BS5 -> 4.62 | BV5: 25 | BX5: =BU5 -> 4.62 | BY5: 25 | BZ5: 34.36 | CA5: 4.74 | CB5: =BX5+BY5+CA5-BZ5 -> 0 | CE5: =CB5 -> 0 | CF5: 125 | CG5: 65 | CH5: 6.34 | CI5: =CE5+CF5+CH5-CG5 -> 66.34
A6: BAKING POWDER | B6: WKFLD. BAKING POWDER 30*400GM | C6: 1178 | D6: 3118.6869 | E6: 30 | F6: 265.8 | G6: 0 | H6: 171.1 | I6: 19.2 | J6: =F6+G6+I6-H6 -> 113.9 | L6: 330 | M6: =J6 -> 113.9 | N6: 330 | O6: 294.43 | P6: 10 | Q6: =M6+N6+P6-O6 -> 159.47 | R6: 250 | S6: 250 | T6: =Q6 -> 159.47 | U6: 250 | V6: 229 | W6: 2 | X6: =T6+U6+W6-V6 -> 182.47 | AA6: =X6 -> 182.47 | AB6: 350 | AC6: 214.6 | AD6: 9 | AE6: =AA6+AB6+AD6-AC6 -> 326.87 | AH6: =AE6 -> 326.87 | AJ6: 212.5333 | AK6: 6.73 | AL6: =AH6+AI6+AK6-AJ6 -> 121.0667 | AM6: 250 | AN6: 250 | AO6: =AL6 -> 121.0667 | AP6: 500 | AQ6: 363.1333 | AS6: =AO6+AP6+AR6-AQ6 -> 257.9334 | AV6: =AS6 -> 257.9334 | AX6: 86 | AZ6: =AV6+AW6+AY6-AX6 -> 171.9334 | BC6: =AZ6 -> 171.9334 | BD6: 200 | BE6: 285 | BF6: 0 | BG6: =BC6+BD6+BF6-BE6 -> 86.9334 | BH6: 250 | BJ6: =BG6 -> 86.9334 | BK6: 450 | BL6: 316.8 | BM6: 41.5667 | BN6: =BJ6+BK6+BM6-BL6 -> 261.7001 | BQ6: =BN6 -> 261.7001 | BS6: 268.03333 | BT6: 36.8 | BU6: =BQ6+BR6+BT6-BS6 -> 30.466767 | BV6: 450 | BX6: =BU6 -> 30.466767 | BY6: 390 | BZ6: 392 | CA6: 8.5333 | CB6: =BX6+BY6+CA6-BZ6 -> 37.000067 | CE6: =CB6 -> 37.000067 | CF6: 350.00003 | CG6: 349.2 | CH6: 12.0333 | CI6: =CE6+CF6+CH6-CG6 -> 49.8334
A7: BAKING POWDER | B7: WKFLD. BAKING POWDER 4*3KG | C7: 832 | D7: 2239.0572 | E7: 4 | F7: 240 | G7: 0 | H7: 108.5 | I7: 3 | J7: =F7+G7+I7-H7 -> 134.5 | L7: 100 | M7: =J7 -> 134.5 | N7: 100 | O7: 234.5 | P7: 0 | Q7: =M7+N7+P7-O7 -> 0 | R7: 100 | S7: 100 | T7: =Q7 -> 0 | U7: 100 | V7: 100 | X7: =T7+U7+W7-V7 -> 0 | AA7: =X7 -> 0 | AB7: 450 | AC7: 220.5 | AD7: 0 | AE7: =AA7+AB7+AD7-AC7 -> 229.5 | AH7: =AE7 -> 229.5 | AJ7: 220 | AK7: 0 | AL7: =AH7+AI7+AK7-AJ7 -> 9.5 | AM7: 250 | AN7: 300 | AO7: =AL7 -> 9.5 | AP7: 510 | AQ7: 216.5 | AS7: =AO7+AP7+AR7-AQ7 -> 303 | AV7: =AS7 -> 303 | AX7: 126 | AZ7: =AV7+AW7+AY7-AX7 -> 177 | BC7: =AZ7 -> 177 | BD7: 40 | BE7: 120 | BF7: 0 | BG7: =BC7+BD7+BF7-BE7 -> 97 | BH7: 200 | BJ7: =BG7 -> 97 | BK7: 350 | BL7: 238 | BM7: 58 | BN7: =BJ7+BK7+BM7-BL7 -> 267 | BQ7: =BN7 -> 267 | BS7: 225 | BT7: 22.5 | BU7: =BQ7+BR7+BT7-BS7 -> 64.5 | BV7: 100 | BX7: =BU7 -> 64.5 | BY7: 100 | BZ7: 115 | CA7: 8 | CB7: =BX7+BY7+CA7-BZ7 -> 57.5 | CE7: =CB7 -> 57.5 | CF7: 450 | CG7: 165.5 | CH7: 65.5 | CI7: =CE7+CF7+CH7-CG7 -> 407.5
B8: Baking Powder Total | F8: =SUM(F5:F7) -> 511.45 | G8: =SUM(G5:G7) -> 0 | H8: =SUM(H5:H7) -> 282.87 | I8: =SUM(I5:I7) -> 24.47 | J8: =SUM(J5:J7) -> 253.05 | K8: =SUM(K5:K7) -> 0 | L8: =SUM(L5:L7) -> 530 | M8: =SUM(M5:M7) -> 253.05 | ... CI8: =SUM(CI5:CI7) -> 523.6734
A9: BAKING SODA | B9: WKFLD. BAKING SODA 100*100GM | C9: 1160 | D9: 3885.0039 | E9: 100 | F9: 51.5 | G9: 0 | H9: 52.62 | I9: 1.22 | J9: =F9+G9+I9-H9 -> 0.1 | L9: 50 | M9: =J9 -> 0.1 | N9: 50 | O9: 60.1 | P9: 10 | Q9: =M9+N9+P9-O9 -> 0 | R9: 100 | S9: 50 | T9: =Q9 -> 0 | U9: 100 | V9: 56 | X9: =T9+U9+W9-V9 -> 44 | AA9: =X9 -> 44 | AB9: 100 | AC9: 82.27 | AD9: 4.27 | AE9: =AA9+AB9+AD9-AC9 -> 66 | AH9: =AE9 -> 66 | AJ9: 70.92 | AK9: 4.92 | AL9: =AH9+AI9+AK9-AJ9 -> 0 | AM9: 50 | AN9: 125 | AO9: =AL9 -> 0 | AP9: 175 | AQ9: 69.02 | AS9: =AO9+AP9+AR9-AQ9 -> 105.98 | AV9: =AS9 -> 105.98 | AX9: 26 | AZ9: =AV9+AW9+AY9-AX9 -> 79.98 | BC9: =AZ9 -> 79.98 | BD9: 25 | BE9: 73 | BF9: 0 | BG9: =BC9+BD9+BF9-BE9 -> 31.98 | BJ9: =BG9 -> 31.98 | BK9: 75 | BL9: 43.38 | BM9: 7.76 | BN9: =BJ9+BK9+BM9-BL9 -> 71.36 | BQ9: =BN9 -> 71.36 | BS9: 54.01 | BT9: 0 | BU9: =BQ9+BR9+BT9-BS9 -> 17.35 | BV9: 25 | BX9: =BU9 -> 17.35 | BY9: 25 | BZ9: 39 | CA9: 3.6 | CB9: =BX9+BY9+CA9-BZ9 -> 6.95 | CE9: =CB9 -> 6.95 | CF9: 110 | CG9: 56 | CH9: 3.87 | CI9: =CE9+CF9+CH9-CG9 -> 64.82
B10: Baking Soda Total | F10: =SUM(F9) -> 51.5 | G10: =SUM(G9) -> 0 | H10: =SUM(H9) -> 52.62 | I10: =SUM(I9) -> 1.22 | J10: =SUM(J9) -> 0.1 | K10: =SUM(K9) -> 0 | L10: =SUM(L9) -> 50 | M10: =SUM(M9) -> 0.1 | ... CI10: =SUM(CI9) -> 64.82
A11: COCOA POWDER | B11: WKFLD. COCOA POWDER 40*150GM | C11: 5700 | D11: 18648.019 | E11: 40 | F11: 0 | G11: 0 | H11: 0 | I11: 0 | J11: =F11+G11+I11-H11 -> 0 | M11: =J11 -> 0 | N11: 0 | O11: 0 | P11: 0 | Q11: =M11+N11+P11-O11 -> 0 | T11: =Q11 -> 0 | U11: 0 | V11: 0 | X11: =T11+U11+W11-V11 -> 0 | AA11: =X11 -> 0 | AC11: 0 | AD11: 0 | AE11: =AA11+AB11+AD11-AC11 -> 0 | AH11: =AE11 -> 0 | AJ11: 0.43 | AK11: 0.43 | AL11: =AH11+AI11+AK11-AJ11 -> 0 | AM11: 50 | AN11: 50 | AO11: =AL11 -> 0 | AP11: 100 | AQ11: 53.3 | AS11: =AO11+AP11+AR11-AQ11 -> 46.7 | AV11: =AS11 -> 46.7 | AX11: 11.1 | AZ11: =AV11+AW11+AY11-AX11 -> 35.6 | BC11: =AZ11 -> 35.6 | BD11: 0 | BE11: 21.6 | BF11: 0 | BG11: =BC11+BD11+BF11-BE11 -> 14 | BJ11: =BG11 -> 14 | BK11: 50 | BL11: 35.4 | BM11: 2.4 | BN11: =BJ11+BK11+BM11-BL11 -> 31 | BQ11: =BN11 -> 31 | BS11: 26 | BT11: 0 | BU11: =BQ11+BR11+BT11-BS11 -> 5 | BX11: =BU11 -> 5 | BY11: 0 | BZ11: 5 | CA11: 0 | CB11: =BX11+BY11+CA11-BZ11 -> 7.1054274e-15 | CE11: =CB11 -> 7.1054274e-15 | CF11: 40 | CG11: 26.675 | CH11: 7.075 | CI11: =CE11+CF11+CH11-CG11 -> 20.4
A12: COCOA POWDER | B12: WKFLD. COCOA POWDER 96*50GM | C12: 4800 | D12: 22377.622 | E12: 96 | F12: 0 | G12: 0 | H12: 0 | I12: 0 | J12: =F12+G12+I12-H12 -> 0 | M12: =J12 -> 0 | N12: 0 | O12: 22.92 | P12: 22.92 | Q12: =M12+N12+P12-O12 -> 0 | T12: =Q12 -> 0 | U12: 0 | V12: 0 | X12: =T12+U12+W12-V12 -> 0 | AA12: =X12 -> 0 | AC12: 0 | AD12: 0 | AE12: =AA12+AB12+AD12-AC12 -> 0 | AH12: =AE12 -> 0 | AJ12: 0 | AK12: 0 | AL12: =AH12+AI12+AK12-AJ12 -> 0 | AM12: 25 | AN12: 50 | AO12: =AL12 -> 0 | AP12: 75 | AQ12: 40.25 | AS12: =AO12+AP12+AR12-AQ12 -> 34.75 | AV12: =AS12 -> 34.75 | AX12: 1 | AZ12: =AV12+AW12+AY12-AX12 -> 33.75 | BC12: =AZ12 -> 33.75 | BD12: 0 | BE12: 19 | BF12: 0 | BG12: =BC12+BD12+BF12-BE12 -> 14.75 | BJ12: =BG12 -> 14.75 | BK12: 50 | BL12: 31.5 | BM12: 1.75 | BN12: =BJ12+BK12+BM12-BL12 -> 35 | BQ12: =BN12 -> 35 | BS12: 23 | BT12: 0 | BU12: =BQ12+BR12+BT12-BS12 -> 12 | BX12: =BU12 -> 12 | BY12: 0 | BZ12: 2 | CA12: 0 | CB12: =BX12+BY12+CA12-BZ12 -> 10 | CE12: =CB12 -> 10 | CF12: 40.000016 | CG12: 15.25 | CH12: 4.1354 | CI12: =CE12+CF12+CH12-CG12 -> 38.885416
B13: Cocoa Powder Total | F13: =SUM(F11:F12) -> 0 | G13: =SUM(G11:G12) -> 0 | H13: =SUM(H11:H12) -> 0 | I13: =SUM(I11:I12) -> 0 | J13: =SUM(J11:J12) -> 0 | K13: =SUM(K11:K12) -> 0 | L13: =SUM(L11:L12) -> 0 | M13: =SUM(M11:M12) -> 0 | ... CI13: =SUM(CI11:CI12) -> 59.285416
A14: CORNFLOUR | B14: WKFLD. CORNFLOUR 100*100GM | C14: 950 | D14: 3885.0039 | E14: 100 | F14: 74.38 | G14: 0 | H14: 42 | I14: 3.73 | J14: =F14+G14+I14-H14 -> 36.11 | M14: =J14 -> 36.11 | N14: 30 | O14: 35.38 | P14: 5 | Q14: =M14+N14+P14-O14 -> 35.73 | R14: 75 | S14: 100 | T14: =Q14 -> 35.73 | U14: 75 | V14: 29 | X14: =T14+U14+W14-V14 -> 81.73 | AA14: =X14 -> 81.73 | AB14: 50 | AC14: 36.82 | AD14: 3.41 | AE14: =AA14+AB14+AD14-AC14 -> 98.32 | AH14: =AE14 -> 98.32 | AJ14: 53.07 | AK14: 4.44 | AL14: =AH14+AI14+AK14-AJ14 -> 49.69 | AN14: 50 | AO14: =AL14 -> 49.69 | AP14: 50 | AQ14: 48 | AS14: =AO14+AP14+AR14-AQ14 -> 51.69 | AV14: =AS14 -> 51.69 | AX14: 14 | AZ14: =AV14+AW14+AY14-AX14 -> 37.69 | BC14: =AZ14 -> 37.69 | BD14: 0 | BE14: 32.69 | BF14: 0 | BG14: =BC14+BD14+BF14-BE14 -> 5 | BH14: 75 | BJ14: =BG14 -> 5 | BK14: 135 | BL14: 39.25 | BM14: 2.23 | BN14: =BJ14+BK14+BM14-BL14 -> 102.98 | BQ14: =BN14 -> 102.98 | BS14: 55 | BT14: 5.07 | BU14: =BQ14+BR14+BT14-BS14 -> 53.05 | BX14: =BU14 -> 53.05 | BY14: 0 | BZ14: 14 | CA14: 5.65 | CB14: =BX14+BY14+CA14-BZ14 -> 44.7 | CE14: =CB14 -> 44.7 | CF14: 60 | CG14: 36 | CH14: 3.62 | CI14: =CE14+CF14+CH14-CG14 -> 72.32
A15: CORNFLOUR | B15: WKFLD. CORNFLOUR 20*500GM | C15: 790 | D15: 2079.1246 | E15: 20 | F15: 262.2 | G15: 0 | H15: 85 | I15: 7.15 | J15: =F15+G15+I15-H15 -> 184.35 | M15: =J15 -> 184.35 | N15: 0 | O15: 71.4 | P15: 5 | Q15: =M15+N15+P15-O15 -> 117.95 | R15: 200 | S15: 150 | T15: =Q15 -> 117.95 | U15: 200 | V15: 54 | X15: =T15+U15+W15-V15 -> 263.95 | AA15: =X15 -> 263.95 | AB15: 100 | AC15: 42.5 | AD15: 5.4 | AE15: =AA15+AB15+AD15-AC15 -> 326.85 | AH15: =AE15 -> 326.85 | AJ15: 152 | AK15: 4 | AL15: =AH15+AI15+AK15-AJ15 -> 178.85 | AN15: 175 | AO15: =AL15 -> 178.85 | AP15: 175 | AQ15: 155 | AS15: =AO15+AP15+AR15-AQ15 -> 198.85 | AV15: =AS15 -> 198.85 | AX15: 21 | AZ15: =AV15+AW15+AY15-AX15 -> 177.85 | BC15: =AZ15 -> 177.85 | BD15: 0 | BE15: 138 | BF15: 0 | BG15: =BC15+BD15+BF15-BE15 -> 39.85 | BH15: 50 | BJ15: =BG15 -> 39.85 | BK15: 110 | BL15: 131.1 | BM15: 11.35 | BN15: =BJ15+BK15+BM15-BL15 -> 30.1 | BQ15: =BN15 -> 30.1 | BS15: 39.55 | BT15: 9.45 | BU15: =BQ15+BR15+BT15-BS15 -> -8.5265128e-14 | BV15: 200 | BX15: =BU15 -> -8.5265128e-14 | BY15: 90 | BZ15: 83 | CA15: 2.15 | CB15: =BX15+BY15+CA15-BZ15 -> 9.15 | CC15: 100 | CE15: =CB15 -> 9.15 | CF15: 100 | CG15: 111.05 | CH15: 2.55 | CI15: =CE15+CF15+CH15-CG15 -> 0.65
A16: CORNFLOUR | B16: WKFLD. CORNFLOUR 25*1000GM | C16: 1516 | D16: 3885.0039 | E16: 25 | F16: 5.36 | G16: 0 | H16: 0.92 | I16: 0 | J16: =F16+G16+I16-H16 -> 4.44 | K16: 100 | M16: =J16 -> 4.44 | N16: 168 | O16: 92.44 | P16: 0 | Q16: =M16+N16+P16-O16 -> 80 | R16: 32 | S16: 150 | T16: =Q16 -> 80 | U16: 30 | V16: 49 | X16: =T16+U16+W16-V16 -> 61 | AA16: =X16 -> 61 | AB16: 100 | AC16: 33.08 | AD16: 5 | AE16: =AA16+AB16+AD16-AC16 -> 132.92 | AH16: =AE16 -> 132.92 | AJ16: 47.48 | AK16: 2.2 | AL16: =AH16+AI16+AK16-AJ16 -> 87.64 | AN16: 75 | AO16: =AL16 -> 87.64 | AP16: 75 | AQ16: 64 | AS16: =AO16+AP16+AR16-AQ16 -> 98.64 | AV16: =AS16 -> 98.64 | AX16: 16 | AZ16: =AV16+AW16+AY16-AX16 -> 82.64 | BC16: =AZ16 -> 82.64 | BD16: 71 | BE16: 29 | BF16: 0 | BG16: =BC16+BD16+BF16-BE16 -> 124.64 | BJ16: =BG16 -> 124.64 | BK16: 50 | BL16: 41.64 | BM16: 18.48 | BN16: =BJ16+BK16+BM16-BL16 -> 151.48 | BQ16: =BN16 -> 151.48 | BS16: 34 | BT16: 0 | BU16: =BQ16+BR16+BT16-BS16 -> 117.48 | BX16: =BU16 -> 117.48 | BY16: 0 | BZ16: 4 | CA16: 0 | CB16: =BX16+BY16+CA16-BZ16 -> 113.48 | CE16: =CB16 -> 113.48 | CF16: 20 | CG16: 71 | CH16: 1.64 | CI16: =CE16+CF16+CH16-CG16 -> 64.12
B17: Corn Flour Total | F17: =SUM(F14:F16) -> 341.94 | G17: =SUM(G14:G16) -> 0 | H17: =SUM(H14:H16) -> 127.92 | I17: =SUM(I14:I16) -> 10.88 | J17: =SUM(J14:J16) -> 224.9 | K17: =SUM(K14:K16) -> 100 | L17: =SUM(L14:L16) -> 0 | M17: =SUM(M14:M16) -> 224.9 | ... CI17: =SUM(CI14:CI16) -> 137.09
A18: CUSTARD POWDER | B18: WKFLD. CUSTARD POWDER VANILLA 100*100GM | C18: 1538 | D18: 5283.6053 | E18: 100 | F18: 28.58 | G18: 0 | H18: 23 | I18: 0 | J18: =F18+G18+I18-H18 -> 5.58 | L18: 50 | M18: =J18 -> 5.58 | N18: 50 | O18: 60.58 | P18: 5 | Q18: =M18+N18+P18-O18 -> 0 | R18: 50 | S18: 50 | T18: =Q18 -> 0 | U18: 50 | V18: 50 | X18: =T18+U18+W18-V18 -> 0 | AA18: =X18 -> 0 | AB18: 150 | AC18: 32.91 | AD18: 2.91 | AE18: =AA18+AB18+AD18-AC18 -> 120 | AH18: =AE18 -> 120 | AJ18: 43.83 | AK18: 2.05 | AL18: =AH18+AI18+AK18-AJ18 -> 78.22 | AN18: 75 | AO18: =AL18 -> 78.22 | AP18: 75 | AQ18: 41 | AS18: =AO18+AP18+AR18-AQ18 -> 112.22 | AV18: =AS18 -> 112.22 | AX18: 1 | AZ18: =AV18+AW18+AY18-AX18 -> 111.22 | BC18: =AZ18 -> 111.22 | BD18: 0 | BE18: 14 | BF18: 0 | BG18: =BC18+BD18+BF18-BE18 -> 97.22 | BJ18: =BG18 -> 97.22 | BK18: 0 | BL18: 12.84 | BM18: 17.84 | BN18: =BJ18+BK18+BM18-BL18 -> 102.22 | BQ18: =BN18 -> 102.22 | BS18: 27 | BT18: 3.29 | BU18: =BQ18+BR18+BT18-BS18 -> 78.51 | BX18: =BU18 -> 78.51 | BY18: 0 | BZ18: 7 | CA18: 6.02 | CB18: =BX18+BY18+CA18-BZ18 -> 77.53 | CE18: =CB18 -> 77.53 | CF18: 25 | CG18: 33 | CH18: 3.45 | CI18: =CE18+CF18+CH18-CG18 -> 72.98
A19: CUSTARD POWDER | B19: WKFLD. CUSTARD POWDER VANILLA 20*500GM | C19: 1248 | D19: 3758.4175 | E19: 20 | F19: 84.55 | G19: 0 | H19: 68 | I19: 7.4 | J19: =F19+G19+I19-H19 -> 23.95 | L19: 50 | M19: =J19 -> 23.95 | N19: 50 | O19: 78.95 | P19: 5 | Q19: =M19+N19+P19-O19 -> 0 | R19: 100 | S19: 125 | T19: =Q19 -> 0 | U19: 100 | V19: 51 | X19: =T19+U19+W19-V19 -> 49 | AA19: =X19 -> 49 | AB19: 200 | AC19: 44.85 | AD19: 7 | AE19: =AA19+AB19+AD19-AC19 -> 211.15 | AH19: =AE19 -> 211.15 | AJ19: 77.05 | AK19: 0.05 | AL19: =AH19+AI19+AK19-AJ19 -> 134.15 | AN19: 100 | AO19: =AL19 -> 134.15 | AP19: 100 | AQ19: 63 | AS19: =AO19+AP19+AR19-AQ19 -> 171.15 | AV19: =AS19 -> 171.15 | AX19: 26 | AZ19: =AV19+AW19+AY19-AX19 -> 145.15 | BC19: =AZ19 -> 145.15 | BD19: 0 | BE19: 70 | BF19: 0 | BG19: =BC19+BD19+BF19-BE19 -> 75.15 | BJ19: =BG19 -> 75.15 | BK19: 0 | BL19: 65.4 | BM19: 25.75 | BN19: =BJ19+BK19+BM19-BL19 -> 35.5 | BO19: 25 | BQ19: =BN19 -> 35.5 | BS19: 36.55 | BT19: 1.05 | BU19: =BQ19+BR19+BT19-BS19 -> 0 | BV19: 75 | BX19: =BU19 -> 0 | BY19: 75 | BZ19: 36 | CA19: 7.55 | CB19: =BX19+BY19+CA19-BZ19 -> 46.55 | CE19: =CB19 -> 46.55 | CF19: 100 | CG19: 68 | CH19: 7.15 | CI19: =CE19+CF19+CH19-CG19 -> 85.7
B20: Custard Powder Total | F20: =SUM(F18:F19) -> 113.13 | G20: =SUM(G18:G19) -> 0 | H20: =SUM(H18:H19) -> 91 | I20: =SUM(I18:I19) -> 7.4 | J20: =SUM(J18:J19) -> 29.53 | K20: =SUM(K18:K19) -> 0 | L20: =SUM(L18:L19) -> 100 | M20: =SUM(M18:M19) -> 29.53 | ... CI20: =SUM(CI18:CI19) -> 158.68
A21: DRINKING CHOCOLATE | B21: WKFLD. DRINKING CHOCOLATE 20*500GM | C21: 2577 | D21: 10101.01 | E21: 20 | F21: 69 | G21: 199 | H21: 247.2 | I21: 0.75 | J21: =F21+G21+I21-H21 -> 21.55 | M21: =J21 -> 21.55 | N21: 150 | O21: 181.55 | P21: 10 | Q21: =M21+N21+P21-O21 -> 0 | R21: 150 | S21: 200 | T21: =Q21 -> 0 | U21: 0 | V21: 0 | X21: =T21+U21+W21-V21 -> 0 | AA21: =X21 -> 0 | AB21: 650 | AC21: 167.35 | AD21: 0.25 | AE21: =AA21+AB21+AD21-AC21 -> 482.9 | AH21: =AE21 -> 482.9 | AJ21: 114.55 | AK21: 5.55 | AL21: =AH21+AI21+AK21-AJ21 -> 373.9 | AO21: =AL21 -> 373.9 | AP21: 0 | AQ21: 170 | AS21: =AO21+AP21+AR21-AQ21 -> 203.9 | AV21: =AS21 -> 203.9 | AX21: 50 | AZ21: =AV21+AW21+AY21-AX21 -> 153.9 | BC21: =AZ21 -> 153.9 | BD21: 250 | BE21: 333.1 | BF21: 0 | BG21: =BC21+BD21+BF21-BE21 -> 70.8 | BH21: 250 | BJ21: =BG21 -> 70.8 | BK21: 189 | BL21: 147.5 | BM21: 22.05 | BN21: =BJ21+BK21+BM21-BL21 -> 134.35 | BO21: 500 | BQ21: =BN21 -> 134.35 | BS21: 97.75 | BT21: 13.45 | BU21: =BQ21+BR21+BT21-BS21 -> 50.05 | BV21: 500 | BX21: =BU21 -> 50.05 | BY21: 0 | BZ21: 54.05 | CA21: 4 | CB21: =BX21+BY21+CA21-BZ21 -> 0 | CE21: =CB21 -> 0 | CF21: 536 | CG21: 532.45 | CH21: 4.15 | CI21: =CE21+CF21+CH21-CG21 -> 7.7
A22: DRINKING CHOCOLATE | B22: WKFLD. DRINKING CHOCOLATE 20*500GM+100GM | C22: 2577 | D22: 10101.01 | E22: 20 | BE22: 0 | BL22: 0 | BS22: 0 | BT22: 0 | BZ22: 0 | CE22: =CB22 -> 0 | CF22: 496 | CG22: 9 | CH22: 0 | CI22: =CE22+CF22+CH22-CG22 -> 487
A23: DRINKING CHOCOLATE | B23: WKFLD. DRINKING CHOCOLATE 40*200GM | C23: 2469 | D23: 10878.011 | E23: 40 | F23: 33.475 | G23: 0 | H23: 21 | I23: 0.68 | J23: =F23+G23+I23-H23 -> 13.155 | L23: 20 | M23: =J23 -> 13.155 | N23: 20 | O23: 26.31 | P23: 0 | Q23: =M23+N23+P23-O23 -> 6.845 | R23: 25 | T23: =Q23 -> 6.845 | U23: 25 | V23: 4 | X23: =T23+U23+W23-V23 -> 27.845 | AA23: =X23 -> 27.845 | AB23: 20 | AC23: 27.015 | AD23: 1.45 | AE23: =AA23+AB23+AD23-AC23 -> 22.28 | AH23: =AE23 -> 22.28 | AJ23: 24.3 | AK23: 2.5 | AL23: =AH23+AI23+AK23-AJ23 -> 0.48 | AN23: 25 | AO23: =AL23 -> 0.48 | AP23: 25 | AQ23: 26.3 | AR23: 3 | AS23: =AO23+AP23+AR23-AQ23 -> 2.18 | AV23: =AS23 -> 2.18 | AX23: 2 | AZ23: =AV23+AW23+AY23-AX23 -> 0.18 | BC23: =AZ23 -> 0.18 | BD23: 25 | BE23: 23 | BF23: 9 | BG23: =BC23+BD23+BF23-BE23 -> 11.18 | BH23: 10 | BJ23: =BG23 -> 11.18 | BK23: 35 | BL23: 27.5 | BM23: 1.875 | BN23: =BJ23+BK23+BM23-BL23 -> 20.555 | BQ23: =BN23 -> 20.555 | BS23: 26.9 | BT23: 6.9 | BU23: =BQ23+BR23+BT23-BS23 -> 0.555 | BX23: =BU23 -> 0.555 | BY23: 0 | BZ23: 1 | CA23: 8.275 | CB23: =BX23+BY23+CA23-BZ23 -> 7.83 | CE23: =CB23 -> 7.83 | CF23: 50 | CG23: 16.325 | CH23: 1.975 | CI23: =CE23+CF23+CH23-CG23 -> 43.48
A24: DRINKING CHOCOLATE | B24: WKFLD. DRINKING CHOCOLATE 96*100GM | C24: 3340 | D24: 18648.019 | E24: 96 | F24: 140.41667 | G24: 0 | H24: 28.42 | I24: 0 | J24: =F24+G24+I24-H24 -> 111.99667 | M24: =J24 -> 111.99667 | N24: 0 | O24: 45.84 | P24: 5 | Q24: =M24+N24+P24-O24 -> 71.156666 | T24: =Q24 -> 71.156666 | U24: 0 | V24: 10 | X24: =T24+U24+W24-V24 -> 61.156666 | AA24: =X24 -> 61.156666 | AC24: 18.22 | AD24: 11.64 | AE24: =AA24+AB24+AD24-AC24 -> 54.576666 | AH24: =AE24 -> 54.576666 | AJ24: 5.77 | AK24: 2.77 | AL24: =AH24+AI24+AK24-AJ24 -> 51.576666 | AN24: 25 | AO24: =AL24 -> 51.576666 | AP24: 25 | AQ24: 32.625 | AR24: 2 | AS24: =AO24+AP24+AR24-AQ24 -> 45.951666 | AV24: =AS24 -> 45.951666 | AX24: 5 | AZ24: =AV24+AW24+AY24-AX24 -> 40.951666 | BC24: =AZ24 -> 40.951666 | BD24: 0 | BE24: 31.708333 | BF24: 9 | BG24: =BC24+BD24+BF24-BE24 -> 18.243333 | BH24: 10 | BJ24: =BG24 -> 18.243333 | BK24: 20 | BL24: 11.052083 | BM24: 1.1459 | BN24: =BJ24+BK24+BM24-BL24 -> 28.33715 | BQ24: =BN24 -> 28.33715 | BS24: 24.489583 | BT24: 1.895833 | BU24: =BQ24+BR24+BT24-BS24 -> 5.7434 | BX24: =BU24 -> 5.7434 | BY24: 0 | BZ24: 1 | CA24: 3.0104 | CB24: =BX24+BY24+CA24-BZ24 -> 7.7538 | CE24: =CB24 -> 7.7538 | CF24: 34.999983 | CG24: =20.6875-3 -> 17.6875 | CH24: 5.6771 | CI24: =CE24+CF24+CH24-CG24 -> 30.743383
B25: Drinking Chocolate Total | F25: =SUM(F21:F24) -> 242.89167 | G25: =SUM(G21:G24) -> 199 | H25: =SUM(H21:H24) -> 296.62 | I25: =SUM(I21:I24) -> 1.43 | J25: =SUM(J21:J24) -> 146.70167 | K25: =SUM(K21:K24) -> 0 | L25: =SUM(L21:L24) -> 20 | M25: =SUM(M21:M24) -> 146.70167 | ... CI25: =SUM(CI21:CI24) -> 568.92338
A26: JELLY CRYSTALS | B26: WKFLD. JELLY CRYSTALS MANGO 100*90GM | C26: 1928 | D26: 6993.007 | E26: 100 | F26: 17.06 | G26: 0 | H26: 0 | I26: 0 | J26: =F26+G26+I26-H26 -> 17.06 | M26: =J26 -> 17.06 | N26: 0 | O26: =VLOOKUP(B26,[1]Sheet1!$A:$B,2,0) -> 17.06 | P26: 0 | Q26: =M26+N26+P26-O26 -> 0 | T26: =Q26 -> 0 | U26: 0 | V26: 0 | X26: =T26+U26+W26-V26 -> 0 | AA26: =X26 -> 0 | AC26: 0 | AD26: 0 | AE26: =AA26+AB26+AD26-AC26 -> 0 | AH26: =AE26 -> 0 | AJ26: 0 | AK26: 0 | AL26: =AH26+AI26+AK26-AJ26 -> 0 | AM26: 15 | AO26: =AL26 -> 0 | AP26: 0 | AQ26: 0 | AS26: =AO26+AP26+AR26-AQ26 -> 0 | AV26: =AS26 -> 0 | AX26: 0 | AZ26: =AV26+AW26+AY26-AX26 -> 0 | BC26: =AZ26 -> 0 | BD26: 0 | BE26: 0 | BF26: 0 | BG26: =BC26+BD26+BF26-BE26 -> 0 | BJ26: =BG26 -> 0 | BK26: 0 | BL26: 0 | BM26: 0 | BN26: =BJ26+BK26+BM26-BL26 -> 0 | BQ26: =BN26 -> 0 | BS26: 0 | BT26: 0 | BU26: =BQ26+BR26+BT26-BS26 -> 0 | BX26: =BU26 -> 0 | BY26: 0 | BZ26: 0 | CA26: 0 | CB26: =BX26+BY26+CA26-BZ26 -> 0 | CE26: =CB26 -> 0 | CF26: 0 | CG26: 0 | CH26: 0 | CI26: =CE26+CF26+CH26-CG26 -> 0
A27: JELLY CRYSTALS | B27: WKFLD. JELLY CRYSTALS PINEAPPLE 100*90GM | C27: 1928 | D27: 6993.007 | E27: 100 | F27: 24.05 | G27: 0 | H27: 0 | I27: 0 | J27: =F27+G27+I27-H27 -> 24.05 | M27: =J27 -> 24.05 | N27: 0 | O27: =VLOOKUP(B27,[1]Sheet1!$A:$B,2,0) -> 0.36 | P27: 0 | Q27: =M27+N27+P27-O27 -> 23.69 | T27: =Q27 -> 23.69 | U27: 0 | V27: 0 | X27: =T27+U27+W27-V27 -> 23.69 | AA27: =X27 -> 23.69 | AC27: 0 | AD27: 0 | AE27: =AA27+AB27+AD27-AC27 -> 23.69 | AH27: =AE27 -> 23.69 | AJ27: 0 | AK27: 0 | AL27: =AH27+AI27+AK27-AJ27 -> 23.69 | AO27: =AL27 -> 23.69 | AP27: 0 | AQ27: 0 | AS27: =AO27+AP27+AR27-AQ27 -> 23.69 | AV27: =AS27 -> 23.69 | AX27: 0 | AZ27: =AV27+AW27+AY27-AX27 -> 23.69 | BC27: =AZ27 -> 23.69 | BD27: 0 | BE27: 0 | BF27: 0 | BG27: =BC27+BD27+BF27-BE27 -> 23.69 | BJ27: =BG27 -> 23.69 | BK27: 0 | BL27: 0 | BM27: 0 | BN27: =BJ27+BK27+BM27-BL27 -> 23.69 | BQ27: =BN27 -> 23.69 | BS27: 0 | BT27: 0 | BU27: =BQ27+BR27+BT27-BS27 -> 23.69 | BX27: =BU27 -> 23.69 | BY27: 0 | BZ27: 0 | CA27: 0 | CB27: =BX27+BY27+CA27-BZ27 -> 23.69 | CE27: =CB27 -> 23.69 | CF27: 0 | CG27: 0 | CH27: 0 | CI27: =CE27+CF27+CH27-CG27 -> 23.69
A28: JELLY CRYSTALS | B28: WKFLD. JELLY CRYSTALS ORANGE 100*90GM | C28: 1928 | D28: 6993.007 | E28: 100 | F28: 21.89 | G28: 0 | H28: 0 | I28: 0 | J28: =F28+G28+I28-H28 -> 21.89 | M28: =J28 -> 21.89 | N28: 0 | O28: =VLOOKUP(B28,[1]Sheet1!$A:$B,2,0) -> 21.89 | P28: 0 | Q28: =M28+N28+P28-O28 -> 0 | T28: =Q28 -> 0 | U28: 0 | V28: 0 | X28: =T28+U28+W28-V28 -> 0 | AA28: =X28 -> 0 | AC28: 0 | AD28: 0 | AE28: =AA28+AB28+AD28-AC28 -> 0 | AH28: =AE28 -> 0 | AJ28: 0 | AK28: 0 | AL28: =AH28+AI28+AK28-AJ28 -> 0 | AO28: =AL28 -> 0 | AP28: 0 | AQ28: 0 | AS28: =AO28+AP28+AR28-AQ28 -> 0 | AV28: =AS28 -> 0 | AX28: 0 | AZ28: =AV28+AW28+AY28-AX28 -> 0 | BC28: =AZ28 -> 0 | BD28: 0 | BE28: 0 | BF28: 0 | BG28: =BC28+BD28+BF28-BE28 -> 0 | BJ28: =BG28 -> 0 | BK28: 0 | BL28: 0 | BM28: 0 | BN28: =BJ28+BK28+BM28-BL28 -> 0 | BQ28: =BN28 -> 0 | BS28: 0 | BT28: 0 | BU28: =BQ28+BR28+BT28-BS28 -> 0 | BX28: =BU28 -> 0 | BY28: 0 | BZ28: 0 | CA28: 0 | CB28: =BX28+BY28+CA28-BZ28 -> 0 | CE28: =CB28 -> 0 | CF28: 0 | CG28: 0 | CH28: 0 | CI28: =CE28+CF28+CH28-CG28 -> 0
A29: JELLY CRYSTALS | B29: WKFLD. JELLY CRYSTALS RASPBERRY 100*90GM | C29: 1928 | D29: 6993.007 | E29: 100 | F29: 19.8 | G29: 0 | H29: 0 | I29: 0 | J29: =F29+G29+I29-H29 -> 19.8 | M29: =J29 -> 19.8 | N29: 0 | O29: 19.8 | P29: 0 | Q29: =M29+N29+P29-O29 -> 0 | T29: =Q29 -> 0 | U29: 0 | V29: 0 | X29: =T29+U29+W29-V29 -> 0 | AA29: =X29 -> 0 | AB29: 15 | AC29: 15 | AD29: 0 | AE29: =AA29+AB29+AD29-AC29 -> 0 | AH29: =AE29 -> 0 | AJ29: 0 | AK29: 0 | AL29: =AH29+AI29+AK29-AJ29 -> 0 | AM29: 15 | AN29: 15 | AO29: =AL29 -> 0 | AP29: 30 | AQ29: 2 | AS29: =AO29+AP29+AR29-AQ29 -> 28 | AV29: =AS29 -> 28 | AX29: 0 | AZ29: =AV29+AW29+AY29-AX29 -> 28 | BC29: =AZ29 -> 28 | BD29: 0 | BE29: 0 | BF29: 0 | BG29: =BC29+BD29+BF29-BE29 -> 28 | BJ29: =BG29 -> 28 | BK29: 0 | BL29: 1 | BM29: 0 | BN29: =BJ29+BK29+BM29-BL29 -> 27 | BQ29: =BN29 -> 27 | BS29: 3 | BT29: 0 | BU29: =BQ29+BR29+BT29-BS29 -> 24 | BX29: =BU29 -> 24 | BY29: 0 | BZ29: 2 | CA29: 0 | CB29: =BX29+BY29+CA29-BZ29 -> 22 | CE29: =CB29 -> 22 | CF29: 0 | CG29: 3 | CH29: 0 | CI29: =CE29+CF29+CH29-CG29 -> 19
A30: JELLY CRYSTALS | B30: WKFLD. JELLY CRYSTALS STRAWBERRY 100*90GM | C30: 1928 | D30: 6993.007 | E30: 100 | F30: 11.14 | G30: 0 | H30: 0 | I30: 0 | J30: =F30+G30+I30-H30 -> 11.14 | M30: =J30 -> 11.14 | N30: 0 | O30: 10.43 | P30: 0 | Q30: =M30+N30+P30-O30 -> 0.71 | T30: =Q30 -> 0.71 | U30: 0 | V30: 0 | X30: =T30+U30+W30-V30 -> 0.71 | AA30: =X30 -> 0.71 | AB30: 15 | AC30: 15 | AD30: 0 | AE30: =AA30+AB30+AD30-AC30 -> 0.71 | AH30: =AE30 -> 0.71 | AJ30: 0 | AK30: 0 | AL30: =AH30+AI30+AK30-AJ30 -> 0.71 | AM30: 15 | AN30: 15 | AO30: =AL30 -> 0.71 | AP30: 30 | AQ30: 4 | AS30: =AO30+AP30+AR30-AQ30 -> 26.71 | AV30: =AS30 -> 26.71 | AX30: 0 | AZ30: =AV30+AW30+AY30-AX30 -> 26.71 | BC30: =AZ30 -> 26.71 | BD30: 0 | BE30: 1 | BF30: 1 | BG30: =BC30+BD30+BF30-BE30 -> 26.71 | BJ30: =BG30 -> 26.71 | BK30: 0 | BL30: 2 | BM30: 0 | BN30: =BJ30+BK30+BM30-BL30 -> 24.71 | BQ30: =BN30 -> 24.71 | BS30: 3 | BT30: 0 | BU30: =BQ30+BR30+BT30-BS30 -> 21.71 | BX30: =BU30 -> 21.71 | BY30: 0 | BZ30: 2 | CA30: 0 | CB30: =BX30+BY30+CA30-BZ30 -> 19.71 | CE30: =CB30 -> 19.71 | CF30: 0 | CG30: 3 | CH30: 0 | CI30: =CE30+CF30+CH30-CG30 -> 16.71
B31: Jelly Crystals Total | F31: =SUM(F26:F30) -> 93.94 | G31: =SUM(G26:G30) -> 0 | H31: =SUM(H26:H30) -> 0 | I31: =SUM(I26:I30) -> 0 | J31: =SUM(J26:J30) -> 93.94 | K31: =SUM(K26:K30) -> 0 | L31: =SUM(L26:L30) -> 0 | M31: =SUM(M26:M30) -> 93.94 | ... CI31: =SUM(CI26:CI30) -> 59.4
A32: MUSTARD POWDER | B32: WKFLD. MUSTARD POWDER 20*500GM | C32: 2454 | D32: 7614.6076 | E32: 20 | F32: 60.1 | G32: 0 | H32: 10 | I32: 3.25 | J32: =F32+G32+I32-H32 -> 53.35 | M32: =J32 -> 53.35 | N32: 0 | O32: =VLOOKUP(B32,[1]Sheet1!$A:$B,2,0) -> 22.9 | P32: 0 | Q32: =M32+N32+P32-O32 -> 30.45 | T32: =Q32 -> 30.45 | U32: 0 | V32: 9 | X32: =T32+U32+W32-V32 -> 21.45 | AA32: =X32 -> 21.45 | AC32: 17 | AD32: 2 | AE32: =AA32+AB32+AD32-AC32 -> 6.45 | AH32: =AE32 -> 6.45 | AJ32: 21.45 | AK32: 19 | AL32: =AH32+AI32+AK32-AJ32 -> 4 | AN32: 25 | AO32: =AL32 -> 4 | AP32: 25 | AQ32: 21 | AS32: =AO32+AP32+AR32-AQ32 -> 8 | AV32: =AS32 -> 8 | AX32: 3 | AZ32: =AV32+AW32+AY32-AX32 -> 5 | BC32: =AZ32 -> 5 | BD32: 25 | BE32: 17 | BF32: 9 | BG32: =BC32+BD32+BF32-BE32 -> 22 | BH32: 20 | BJ32: =BG32 -> 22 | BK32: 20 | BL32: 8.95 | BM32: 3.95 | BN32: =BJ32+BK32+BM32-BL32 -> 37 | BQ32: =BN32 -> 37 | BS32: 5 | BT32: 0 | BU32: =BQ32+BR32+BT32-BS32 -> 32 | BX32: =BU32 -> 32 | BY32: 0 | BZ32: 3 | CA32: 0 | CB32: =BX32+BY32+CA32-BZ32 -> 29 | CE32: =CB32 -> 29 | CF32: 0 | CG32: 2 | CH32: 11.4 | CI32: =CE32+CF32+CH32-CG32 -> 38.4
A33: MUSTARD POWDER | B33: WKFLD. MUSTARD POWDER 50*100GM | C33: 1618 | D33: 5439.0054 | E33: 50 | F33: 96.64 | G33: 0 | H33: 2 | I33: 0.46 | J33: =F33+G33+I33-H33 -> 95.1 | M33: =J33 -> 95.1 | N33: 0 | O33: =VLOOKUP(B33,[1]Sheet1!$A:$B,2,0) -> 19.08 | P33: 0 | Q33: =M33+N33+P33-O33 -> 76.02 | T33: =Q33 -> 76.02 | U33: 0 | V33: 7 | X33: =T33+U33+W33-V33 -> 69.02 | AA33: =X33 -> 69.02 | AC33: 13 | AD33: 1 | AE33: =AA33+AB33+AD33-AC33 -> 57.02 | AH33: =AE33 -> 57.02 | AJ33: 7 | AK33: 6.56 | AL33: =AH33+AI33+AK33-AJ33 -> 56.58 | AO33: =AL33 -> 56.58 | AP33: 0 | AQ33: 2 | AS33: =AO33+AP33+AR33-AQ33 -> 54.58 | AV33: =AS33 -> 54.58 | AX33: 0 | AZ33: =AV33+AW33+AY33-AX33 -> 54.58 | BC33: =AZ33 -> 54.58 | BD33: 0 | BE33: 0 | BF33: 0 | BG33: =BC33+BD33+BF33-BE33 -> 54.58 | BH33: 10 | BJ33: =BG33 -> 54.58 | BK33: 10 | BL33: 2.5 | BM33: 2.26 | BN33: =BJ33+BK33+BM33-BL33 -> 64.34 | BQ33: =BN33 -> 64.34 | BS33: 6 | BT33: 0 | BU33: =BQ33+BR33+BT33-BS33 -> 58.34 | BX33: =BU33 -> 58.34 | BY33: 0 | BZ33: 1 | CA33: 0 | CB33: =BX33+BY33+CA33-BZ33 -> 57.34 | CE33: =CB33 -> 57.34 | CF33: 0 | CG33: 1 | CH33: 4.74 | CI33: =CE33+CF33+CH33-CG33 -> 61.08
B34: Mustard Powder Total | F34: =SUM(F32:F33) -> 156.74 | G34: =SUM(G32:G33) -> 0 | H34: =SUM(H32:H33) -> 12 | I34: =SUM(I32:I33) -> 3.71 | J34: =SUM(J32:J33) -> 148.45 | K34: =SUM(K32:K33) -> 0 | L34: =SUM(L32:L33) -> 0 | M34: =SUM(M32:M33) -> 148.45 | ... CI34: =SUM(CI32:CI33) -> 99.48
A35: SAUCE | B35: WKFLD. MUSTARD SAUCE 24*225GM | C35: 1320 | D35: 4755.2448 | E35: 24 | F35: 3.791666 | G35: 0 | H35: 0 | I35: 0 | J35: =F35+G35+I35-H35 -> 3.791666 | M35: =J35 -> 3.791666 | N35: 0 | O35: 3 | P35: 5 | Q35: =M35+N35+P35-O35 -> 5.791666 | T35: =Q35 -> 5.791666 | U35: 0 | V35: 2 | X35: =T35+U35+W35-V35 -> 3.791666 | AA35: =X35 -> 3.791666 | AC35: 4.79 | AD35: 1 | AE35: =AA35+AB35+AD35-AC35 -> 0.001666 | AH35: =AE35 -> 0.001666 | AJ35: 0 | AK35: 0 | AL35: =AH35+AI35+AK35-AJ35 -> 0.001666 | AN35: 10 | AO35: =AL35 -> 0.001666 | AP35: 0 | AQ35: 0 | AS35: =AO35+AP35+AR35-AQ35 -> 0.001666 | AV35: =AS35 -> 0.001666 | AX35: 0 | AZ35: =AV35+AW35+AY35-AX35 -> 0.001666 | BC35: =AZ35 -> 0.001666 | BD35: 0 | BE35: 0 | BF35: 0 | BG35: =BC35+BD35+BF35-BE35 -> 0.001666 | BH35: 5 | BJ35: =BG35 -> 0.001666 | BK35: 5 | BL35: 0 | BM35: 0 | BN35: =BJ35+BK35+BM35-BL35 -> 5.001666 | BQ35: =BN35 -> 5.001666 | BS35: 5 | BT35: 0 | BU35: =BQ35+BR35+BT35-BS35 -> 0.001666 | BX35: =BU35 -> 0.001666 | BZ35: 0 | CA35: 0 | CB35: =BX35+BY35+CA35-BZ35 -> 0.001666 | CC35: 15 | CE35: =CB35 -> 0.001666 | CF35: 15 | CG35: 10.041666 | CH35: 0 | CI35: =CE35+CF35+CH35-CG35 -> 4.96
A36: SAUCE | B36: WKFLD. PEPRICO SAUCE 90GM*36 | C36: 2628 | D36: 9370.6294 | E36: 36 | F36: 5.666666 | G36: 0 | H36: 3 | I36: 0 | J36: =F36+G36+I36-H36 -> 2.666666 | M36: =J36 -> 2.666666 | N36: 0 | O36: 2 | P36: 0 | Q36: =M36+N36+P36-O36 -> 0.666666 | T36: =Q36 -> 0.666666 | U36: 0 | V36: 0 | X36: =T36+U36+W36-V36 -> 0.666666 | AA36: =X36 -> 0.666666 | AC36: 0 | AD36: 1 | AE36: =AA36+AB36+AD36-AC36 -> 1.666666 | AH36: =AE36 -> 1.666666 | AJ36: 2 | AK36: 1 | AL36: =AH36+AI36+AK36-AJ36 -> 0.666666 | AO36: =AL36 -> 0.666666 | AP36: 5 | AQ36: 2.6667 | AS36: =AO36+AP36+AR36-AQ36 -> 2.999966 | AV36: =AS36 -> 2.999966 | AX36: 5.4444 | AY36: 3.47 | AZ36: =AV36+AW36+AY36-AX36 -> 1.025566 | BC36: =AZ36 -> 1.025566 | BD36: 0 | BE36: 0 | BF36: 0 | BG36: =BC36+BD36+BF36-BE36 -> 1.025566 | BH36: 50 | BJ36: =BG36 -> 1.025566 | BK36: 50 | BL36: 11.138888 | BM36: 0 | BN36: =BJ36+BK36+BM36-BL36 -> 39.886678 | BQ36: =BN36 -> 39.886678 | BS36: 18 | BT36: 2.083333 | BU36: =BQ36+BR36+BT36-BS36 -> 23.970011 | BX36: =BU36 -> 23.970011 | BY36: 0 | BZ36: 0 | CA36: 0 | CB36: =BX36+BY36+CA36-BZ36 -> 23.970011 | CE36: =CB36 -> 23.970011 | CF36: -7.8e-05 | CG36: 4 | CH36: 0.4723 | CI36: =CE36+CF36+CH36-CG36 -> 20.442233
B37: Mustard Powder Total | F37: =SUM(F35:F36) -> 9.458332 | G37: =SUM(G35:G36) -> 0 | H37: =SUM(H35:H36) -> 3 | I37: =SUM(I35:I36) -> 0 | J37: =SUM(J35:J36) -> 6.458332 | K37: =SUM(K35:K36) -> 0 | L37: =SUM(L35:L36) -> 0 | M37: =SUM(M35:M36) -> 6.458332 | ... CI37: =SUM(CI35:CI36) -> 25.402233
A38: PEANUT BUTTER | B38: WKFLD.PEANUT BUTTER CREAMY 24*340GM | C38: 1488 | D38: 4675.3247 | E38: 24 | F38: 127.95833 | G38: 0 | H38: 66 | I38: 12.59 | J38: =F38+G38+I38-H38 -> 74.548333 | L38: 200 | M38: =J38 -> 74.548333 | N38: 200 | O38: 79.21 | P38: 8.33 | Q38: =M38+N38+P38-O38 -> 203.66833 | S38: 100 | T38: =Q38 -> 203.66833 | U38: 100 | V38: 79.29 | X38: =T38+U38+W38-V38 -> 224.37833 | AA38: =X38 -> 224.37833 | AC38: 81 | AD38: 8.41 | AE38: =AA38+AB38+AD38-AC38 -> 151.78833 | AH38: =AE38 -> 151.78833 | AJ38: 113.21 | AK38: 6.5 | AL38: =AH38+AI38+AK38-AJ38 -> 45.078333 | AM38: 100 | AN38: 50 | AO38: =AL38 -> 45.078333 | AP38: 150 | AQ38: 111.5833 | AS38: =AO38+AP38+AR38-AQ38 -> 83.495033 | AV38: =AS38 -> 83.495033 | AX38: 24.1667 | AZ38: =AV38+AW38+AY38-AX38 -> 59.328333 | BC38: =AZ38 -> 59.328333 | BD38: 100 | BE38: 15 | BF38: 0 | BG38: =BC38+BD38+BF38-BE38 -> 144.32833 | BJ38: =BG38 -> 144.32833 | BK38: 0 | BL38: 27.041666 | BM38: 50.625 | BN38: =BJ38+BK38+BM38-BL38 -> 167.91167 | BQ38: =BN38 -> 167.91167 | BS38: 49 | BT38: 30.833333 | BU38: =BQ38+BR38+BT38-BS38 -> 149.745 | BX38: =BU38 -> 149.745 | BY38: 0 | BZ38: 25 | CA38: 9.4583 | CB38: =BX38+BY38+CA38-BZ38 -> 134.2033 | CE38: =CB38 -> 134.2033 | CF38: -3.4e-05 | CG38: =94-50+37.99 -> 81.99 | CH38: 8.5417 | CI38: =CE38+CF38+CH38-CG38 -> 60.754966
A39: PEANUT BUTTER | B39: WKFLD.PEANUT BUTTER CRUNCHY 24*340GM | C39: 1488 | D39: 4675.3247 | E39: 24 | F39: 115.33333 | G39: 0 | H39: 66 | I39: 18.88 | J39: =F39+G39+I39-H39 -> 68.213333 | L39: 200 | M39: =J39 -> 68.213333 | N39: 200 | O39: 73.29 | P39: 4 | Q39: =M39+N39+P39-O39 -> 198.92333 | S39: 100 | T39: =Q39 -> 198.92333 | U39: 100 | V39: 95.25 | X39: =T39+U39+W39-V39 -> 203.67333 | AA39: =X39 -> 203.67333 | AC39: 86.21 | AD39: 19.41 | AE39: =AA39+AB39+AD39-AC39 -> 136.87333 | AH39: =AE39 -> 136.87333 | AJ39: 97.21 | AK39: 35.67 | AL39: =AH39+AI39+AK39-AJ39 -> 75.333333 | AM39: 100 | AN39: 50 | AO39: =AL39 -> 75.333333 | AP39: 150 | AQ39: 111.1217 | AS39: =AO39+AP39+AR39-AQ39 -> 114.21163 | AV39: =AS39 -> 114.21163 | AX39: 24 | AZ39: =AV39+AW39+AY39-AX39 -> 90.211633 | BC39: =AZ39 -> 90.211633 | BD39: 100 | BE39: 16 | BF39: 0 | BG39: =BC39+BD39+BF39-BE39 -> 174.21163 | BJ39: =BG39 -> 174.21163 | BK39: 0 | BL39: 30.666666 | BM39: 35.7084 | BN39: =BJ39+BK39+BM39-BL39 -> 179.25337 | BQ39: =BN39 -> 179.25337 | BS39: 49 | BT39: 27.583333 | BU39: =BQ39+BR39+BT39-BS39 -> 157.8367 | BX39: =BU39 -> 157.8367 | BY39: 0 | BZ39: 26 | CA39: 13.0417 | CB39: =BX39+BY39+CA39-BZ39 -> 144.8784 | CE39: =CB39 -> 144.8784 | CF39: -0.0001 | CG39: =56-40+12 -> 28 | CH39: 8.5001 | CI39: =CE39+CF39+CH39-CG39 -> 125.3784
A40: PEANUT BUTTER | B40: WKFLD.PEANUT BUTTER CREAMY 24*510GM | C40: 1920 | D40: 6464.7273 | E40: 24 | L40: 50 | R40: 50 | S40: 50 | T40: =Q40 -> 0 | U40: 150 | V40: 114 | X40: =T40+U40+W40-V40 -> 36 | AA40: =X40 -> 36 | AC40: 23.04 | AD40: 0 | AE40: =AA40+AB40+AD40-AC40 -> 12.96 | AH40: =AE40 -> 12.96 | AJ40: 21.9583 | AK40: 17 | AL40: =AH40+AI40+AK40-AJ40 -> 8.0017 | AM40: 100 | AO40: =AL40 -> 8.0017 | AP40: 100 | AQ40: 46 | AS40: =AO40+AP40+AR40-AQ40 -> 62.0017 | AV40: =AS40 -> 62.0017 | AX40: 31 | AZ40: =AV40+AW40+AY40-AX40 -> 31.0017 | BC40: =AZ40 -> 31.0017 | BD40: 40 | BE40: 31 | BF40: 0 | BG40: =BC40+BD40+BF40-BE40 -> 40.0017 | BJ40: =BG40 -> 40.0017 | BK40: 50 | BL40: 20.5 | BM40: 6.875 | BN40: =BJ40+BK40+BM40-BL40 -> 76.3767 | BQ40: =BN40 -> 76.3767 | BS40: 29 | BT40: 8.583333 | BU40: =BQ40+BR40+BT40-BS40 -> 55.960033 | BX40: =BU40 -> 55.960033 | BY40: 0 | BZ40: 3 | CA40: 6.625 | CB40: =BX40+BY40+CA40-BZ40 -> 59.585033 | CE40: =CB40 -> 59.585033 | CF40: 0 | CG40: 18 | CH40: 5.25 | CI40: =CE40+CF40+CH40-CG40 -> 46.835033
A41: PEANUT BUTTER | B41: WKFLD.PEANUT BUTTER CRUNCHY 24*510GM | C41: 1920 | D41: 6464.7273 | E41: 24 | L41: 50 | R41: 50 | S41: 50 | T41: =Q41 -> 0 | U41: 150 | V41: 114 | X41: =T41+U41+W41-V41 -> 36 | AA41: =X41 -> 36 | AC41: 23 | AD41: 0 | AE41: =AA41+AB41+AD41-AC41 -> 13 | AH41: =AE41 -> 13 | AJ41: 30 | AK41: 17 | AL41: =AH41+AI41+AK41-AJ41 -> 0 | AM41: 100 | AO41: =AL41 -> 0 | AP41: 100 | AQ41: 45 | AS41: =AO41+AP41+AR41-AQ41 -> 55 | AV41: =AS41 -> 55 | AX41: 31 | AZ41: =AV41+AW41+AY41-AX41 -> 24 | BC41: =AZ41 -> 24 | BD41: 40 | BE41: 37 | BF41: 0 | BG41: =BC41+BD41+BF41-BE41 -> 27 | BJ41: =BG41 -> 27 | BK41: 100 | BL41: 29.708333 | BM41: 6.9167 | BN41: =BJ41+BK41+BM41-BL41 -> 104.20837 | BQ41: =BN41 -> 104.20837 | BS41: 28 | BT41: 11.416666 | BU41: =BQ41+BR41+BT41-BS41 -> 87.625033 | BX41: =BU41 -> 87.625033 | BY41: 0 | BZ41: 8 | CA41: 8.4167 | CB41: =BX41+BY41+CA41-BZ41 -> 88.041733 | CE41: =CB41 -> 88.041733 | CF41: -6.7e-05 | CG41: 18 | CH41: 3.8334 | CI41: =CE41+CF41+CH41-CG41 -> 73.875066
B42: Mustard Powder Total | F42: =SUM(F38:F41) -> 243.29167 | G42: =SUM(G38:G41) -> 0 | H42: =SUM(H38:H41) -> 132 | I42: =SUM(I38:I41) -> 31.47 | J42: =SUM(J38:J41) -> 142.76167 | K42: =SUM(K38:K41) -> 0 | L42: =SUM(L38:L41) -> 500 | M42: =SUM(M38:M41) -> 142.76167 | ... CI42: =SUM(CI38:CI41) -> 306.84347
A43: PASTA | B43: WKFLD. CHEFS BASKET PASTA ELBOW 24*500GM | C43: 750 | D43: 2746.2121 | E43: 24 | F43: 52.666666 | G43: 167 | H43: 152.04 | I43: 18.46 | J43: =F43+G43+I43-H43 -> 86.086666 | M43: =J43 -> 86.086666 | N43: 200 | O43: 194.67 | P43: 0.33 | Q43: =M43+N43+P43-O43 -> 91.746666 | S43: 150 | T43: =Q43 -> 91.746666 | U43: 200 | V43: 180.76 | X43: =T43+U43+W43-V43 -> 110.98667 | AA43: =X43 -> 110.98667 | AC43: 124.75 | AD43: 14.5 | AE43: =AA43+AB43+AD43-AC43 -> 0.736666 | AH43: =AE43 -> 0.736666 | AI43: 300 | AJ43: 250.55 | AK43: 15.93 | AL43: =AH43+AI43+AK43-AJ43 -> 66.116666 | AN43: 350 | AO43: =AL43 -> 66.116666 | AP43: 350 | AQ43: 224.125 | AR43: 40 | AS43: =AO43+AP43+AR43-AQ43 -> 231.99167 | AV43: =AS43 -> 231.99167 | AX43: 66.625 | AZ43: =AV43+AW43+AY43-AX43 -> 165.36667 | BC43: =AZ43 -> 165.36667 | BD43: 350 | BE43: 116 | BF43: 17 | BG43: =BC43+BD43+BF43-BE43 -> 416.36667 | BJ43: =BG43 -> 416.36667 | BK43: 200 | BL43: 180.91667 | BM43: 25.9167 | BN43: =BJ43+BK43+BM43-BL43 -> 461.3667 | BQ43: =BN43 -> 461.3667 | BS43: 247 | BT43: 15.833333 | BU43: =BQ43+BR43+BT43-BS43 -> 230.20003 | BX43: =BU43 -> 230.20003 | BY43: 0 | BZ43: 62 | CA43: 11 | CB43: =BX43+BY43+CA43-BZ43 -> 179.20003 | CC43: 250 | CE43: =CB43 -> 179.20003 | CF43: 250.00007 | CG43: 200.04167 | CH43: 73.1666 | CI43: =CE43+CF43+CH43-CG43 -> 302.32503
A44: PASTA | B44: WKFLD. CHEFS BASKET PASTA FUSILLI 24*500GM | C44: 750 | D44: 2746.2121 | E44: 24 | F44: 36.75 | G44: 130 | H44: 154.01 | I44: 25.34 | J44: =F44+G44+I44-H44 -> 38.08 | M44: =J44 -> 38.08 | N44: 196 | O44: 189.08 | P44: 0 | Q44: =M44+N44+P44-O44 -> 45 | R44: 4 | S44: 150 | T44: =Q44 -> 45 | U44: 200 | V44: 154 | X44: =T44+U44+W44-V44 -> 91 | AA44: =X44 -> 91 | AC44: 110.34 | AD44: 19.8 | AE44: =AA44+AB44+AD44-AC44 -> 0.46 | AH44: =AE44 -> 0.46 | AI44: 350 | AJ44: 247.42 | AK44: 8.38 | AL44: =AH44+AI44+AK44-AJ44 -> 111.42 | AN44: 350 | AO44: =AL44 -> 111.42 | AP44: 350 | AQ44: 203 | AS44: =AO44+AP44+AR44-AQ44 -> 258.42 | AV44: =AS44 -> 258.42 | AX44: 33.1667 | AZ44: =AV44+AW44+AY44-AX44 -> 225.2533 | BC44: =AZ44 -> 225.2533 | BD44: 350 | BE44: 99 | BF44: 29 | BG44: =BC44+BD44+BF44-BE44 -> 505.2533 | BJ44: =BG44 -> 505.2533 | BK44: 150 | BL44: 188.58333 | BM44: 61.2083 | BN44: =BJ44+BK44+BM44-BL44 -> 527.87827 | BQ44: =BN44 -> 527.87827 | BS44: 231 | BT44: 17.083333 | BU44: =BQ44+BR44+BT44-BS44 -> 313.9616 | BX44: =BU44 -> 313.9616 | BY44: 0 | BZ44: 54 | CA44: 4.6667 | CB44: =BX44+BY44+CA44-BZ44 -> 264.6283 | CC44: 100 | CE44: =CB44 -> 264.6283 | CF44: 100 | CG44: 163.04167 | CH44: 92.5 | CI44: =CE44+CF44+CH44-CG44 -> 294.08663
A45: PASTA | B45: WKFLD. CHEFS BASKET PASTA PENNE 24*500GM | C45: 750 | D45: 2746.2121 | E45: 24 | F45: 68.5 | G45: 100 | H45: 177.01 | I45: 13.13 | J45: =F45+G45+I45-H45 -> 4.62 | M45: =J45 -> 4.62 | N45: 300 | O45: 255.63 | P45: 0 | Q45: =M45+N45+P45-O45 -> 48.99 | S45: 300 | T45: =Q45 -> 48.99 | U45: 400 | V45: 183.01 | X45: =T45+U45+W45-V45 -> 265.98 | AA45: =X45 -> 265.98 | AC45: 145.88 | AD45: 17.42 | AE45: =AA45+AB45+AD45-AC45 -> 137.52 | AH45: =AE45 -> 137.52 | AI45: 400 | AJ45: 283.42 | AK45: 12.55 | AL45: =AH45+AI45+AK45-AJ45 -> 266.65 | AN45: 300 | AO45: =AL45 -> 266.65 | AP45: 300 | AQ45: 277 | AR45: 50 | AS45: =AO45+AP45+AR45-AQ45 -> 339.65 | AV45: =AS45 -> 339.65 | AX45: 83.4167 | AZ45: =AV45+AW45+AY45-AX45 -> 256.2333 | BC45: =AZ45 -> 256.2333 | BD45: 300 | BE45: 288.04167 | BF45: 54 | BG45: =BC45+BD45+BF45-BE45 -> 322.19163 | BJ45: =BG45 -> 322.19163 | BK45: 400 | BL45: 175.58333 | BM45: 63.5833 | BN45: =BJ45+BK45+BM45-BL45 -> 610.1916 | BQ45: =BN45 -> 610.1916 | BS45: 299 | BT45: 2 | BU45: =BQ45+BR45+BT45-BS45 -> 313.1916 | BX45: =BU45 -> 313.1916 | BY45: 0 | BZ45: 139 | CA45: 9.25 | CB45: =BX45+BY45+CA45-BZ45 -> 183.4416 | CC45: 150 | CE45: =CB45 -> 183.4416 | CF45: 150.00003 | CG45: 243.04167 | CH45: 87.4583 | CI45: =CE45+CF45+CH45-CG45 -> 177.85827
B46: Pasta Sauce Total | F46: =SUM(F43:F45) -> 157.91667 | G46: =SUM(G43:G45) -> 397 | H46: =SUM(H43:H45) -> 483.06 | I46: =SUM(I43:I45) -> 56.93 | J46: =SUM(J43:J45) -> 128.78667 | K46: =SUM(K43:K45) -> 0 | L46: =SUM(L43:L45) -> 0 | M46: =SUM(M43:M45) -> 128.78667 | ... CI46: =SUM(CI43:CI45) -> 774.26994
B47: Total Total | F47: =F46+F34+F31+F25+F20+F17+F13+F10+F8+F37+F42 -> 1922.2583 | G47: =G46+G34+G31+G25+G20+G17+G13+G10+G8+G37+G42 -> 596 | H47: =H46+H34+H31+H25+H20+H17+H13+H10+H8+H37+H42 -> 1481.09 | I47: =I46+I34+I31+I25+I20+I17+I13+I10+I8+I37+I42 -> 137.51 | J47: =J46+J34+J31+J25+J20+J17+J13+J10+J8+J37+J42 -> 1174.6783 | K47: =K46+K34+K31+K25+K20+K17+K13+K10+K8+K37+K42 -> 100 | L47: =L46+L34+L31+L25+L20+L17+L13+L10+L8+L37+L42 -> 1200 | M47: =M46+M34+M31+M25+M20+M17+M13+M10+M8+M37+M42 -> 1174.6783 | ... CI47: =CI46+CI34+CI31+CI25+CI20+CI17+CI13+CI10+CI8+CI37+CI42 -> 2777.8678
CG48: =CG47-CH47 -> 1922.266
AC51: 875 | AJ51: 875
AC52: 1450 | AJ52: 1450

Sheet 25-26
CM2: Primary NPR | CN2: CIF INR
F3: 45748 | M3: 45778 | S3: 45809 | Y3: 45839 | AG3: 45870 | AO3: 45901 | AX3: 45931 | BE3: 45962 | BM3: 45992 | BU3: 46023 | CD3: 46054 | CM3: =SUMPRODUCT(D5:D67,CM5:CM67)/10^5 -> 104.08465 | CN3: =SUMPRODUCT(C5:C67,CN5:CN67)/10^5 -> 25.0513
A4: Category | B4: Product Description | C4: CIF Rate | D4: NPR CASE RATE | E4: Pack Size | F4: April-25 Opening | G4: PURCHASES OF APRIL | H4: PRIMARY TILL 30-04-2025 | I4: SALES RETURN | J4: CLOSING | K4: April Transit | L4: May-025 PI Plan | M4: May-25 Opening | N4: PURCHASES OF May | O4: PRIMARY TILL 30-05-2025 | P4: SALES RETURN | Q4: CLOSING | R4: May Transit | S4: June-25 Opening | T4: PURCHASES OF June | U4: PRIMARY TILL 30-06-2025 | V4: SALES RETURN | W4: CLOSING | X4: June Transit | Y4: July-25 Opening | Z4: PURCHASES OF July | AA4: PRIMARY TILL 31-07-2025 | AB4: SALES RETURN | AC4: Net sales | AD4: CLOSING | AE4: July 25 Tgt | AF4: Shrtfall | AG4: Aug-25 Opening | AH4: PURCHASES OF Aug | AI4: PRIMARY TILL 31-08-2025 | AJ4: SALES RETURN | AK4: Net sales | AL4: CLOSING | AM4: Aug25 Tgt | AN4: Shrtfall | AO4: Sept-25 Opening | AP4: PURCHASES OF Sept | AQ4: PRIMARY TILL 31-09-2025 | AR4: SALES RETURN | AS4: Net sales | AT4: CLOSING | AU4: Transit | AV4: Sept25 Tgt | AW4: Shrtfall | AX4: Oct-25 Opening | AY4: PURCHASES OF OCT | AZ4: PRIMARY TILL 30-10-2025 | BA4: SALES RETURN | BB4: Net sales | BC4: CLOSING | BD4: Transit | BE4: NOV-25 Opening | BF4: PURCHASES OF NOV | BG4: PRIMARY TILL 30-11-2025 | BH4: SALES RETURN | BI4: Net sales | BJ4: KG Stock | BK4: CLOSING Exact | BL4: PO Dec Plan | BM4: DEC-25 Opening | BN4: PURCHASES OF DEC | BO4: PRIMARY TILL 31-12-2025 | BP4: SALES RETURN | BQ4: Net sales | BR4: KG Stock | BS4: CLOSING Exact | BT4: Transit | BU4: JAN-26 Opening | BV4: PURCHASE OF JAN | BW4: PRIMARY TILL 31-01-2026 | BX4: SALES RETURN | BY4: Net sales | BZ4: KG Stock | CA4: CLOSING Exact | CB4: Transit | CC4: PO Jan FEB | CD4: JAN-26 Opening | CE4: PURCHASE OF JAN | CF4: PRIMARY TILL 28-02-2026 | CG4: SALES RETURN | CH4: Net sales | CI4: KG Stock | CJ4: CLOSING Exact | CK4: Transit | CL4: Total | CM4: March Plan | CN4: PO of Feb + March 2026
A5: BAKING POWDER | B5: WKFLD. BAKING POWDER 100*100GM | C5: 1204 | D5: 3885.101 | E5: 100 | F5: ='24-25'!CI5 -> 66.34 | G5: 50 | H5: 44.15 | J5: =F5+G5+I5-H5 -> 72.19 | M5: =J5 -> 72.19 | N5: 50 | O5: 82.18 | P5: 2.33 | Q5: =M5+N5+P5-O5 -> 42.34 | S5: =Q5 -> 42.34 | U5: 41.98 | V5: 1.05 | W5: =S5+T5+V5-U5 -> 1.41 | X5: 100 | Y5: =W5 -> 1.41 | Z5: 100 | AA5: 100.22 | AB5: 1 | AC5: =AA5-AB5 -> 99.22 | AD5: =Y5+Z5+AB5-AA5 -> 2.19 | AE5: 100 | AF5: =+AE5-AC5 -> 0.78 | AG5: =+AD5 -> 2.19 | AH5: 275 | AI5: 54.19 | AK5: =AI5-AJ5 -> 54.19 | AL5: =AG5+AH5+AJ5-AI5 -> 223 | AO5: =+AL5 -> 223 | AP5: 0 | AQ5: 49.09 | AR5: 0 | AS5: =AQ5-AR5 -> 49.09 | AT5: =AO5+AP5+AR5-AQ5 -> 173.91 | AX5: =+AT5 -> 173.91 | AY5: 0 | AZ5: 55.49 | BA5: 0 | BB5: =AZ5-BA5 -> 55.49 | BC5: =AX5+AY5+BA5-AZ5 -> 118.42 | BE5: =+BC5 -> 118.42 | BF5: 0 | BG5: 70.54 | BH5: 0 | BI5: =+BG5-BH5 -> 70.54 | BK5: =BE5+BF5+BH5-BG5-BJ5 -> 47.88 | BL5: 100 | BM5: =+BK5+BJ5 -> 47.88 | BN5: 0 | BO5: 47.1 | BP5: 0 | BQ5: =BO5-BP5 -> 47.1 | BS5: =BM5+BN5+BP5-BO5-BR5 -> 0.78 | BU5: =BS5+BR5 -> 0.78 | BV5: 100 | BW5: 63.3 | BX5: 2 | BY5: =BW5-BX5 -> 61.3 | CA5: =BU5+BV5+BX5-BW5-BZ5 -> 39.48 | CD5: 39.48 | CE5: 100 | CF5: =_xlfn.XLOOKUP(B5,[2]Sheet1!$A$4:$A$38,[2]Sheet1!$B$4:$B$38) -> 84.25 | CG5: =_xlfn.XLOOKUP(B5,[3]Sheet1!$A$4:$A$22,[3]Sheet1!$B$4:$B$22) -> 0.76 | CH5: =CF5-CG5 -> 83.49 | CJ5: =CD5+CE5+CG5-CF5-CI5 -> 55.99 | CL5: =CK5+CJ5 -> 55.99 | CM5: 50 | CN5: 50
A6: BAKING POWDER | B6: WKFLD. BAKING POWDER 30*400GM | C6: 1178 | D6: 3118.6869 | E6: 30 | F6: ='24-25'!CI6 -> 49.8334 | G6: 600 | H6: 74.5 | J6: =F6+G6+I6-H6 -> 575.3334 | M6: =J6 -> 575.3334 | N6: 200 | O6: 202.53333 | P6: 9.4667 | Q6: =M6+N6+P6-O6 -> 582.26677 | S6: =Q6 -> 582.26677 | U6: 170.16667 | V6: 51.4333 | W6: =S6+T6+V6-U6 -> 463.5334 | X6: 350 | Y6: =W6 -> 463.5334 | AA6: 146.06667 | AB6: 10 | AC6: =AA6-AB6 -> 136.06667 | AD6: =Y6+Z6+AB6-AA6 -> 327.46674 | AE6: 300 | AF6: =+AE6-AC6 -> 163.93333 | AG6: =+AD6 -> 327.46674 | AH6: 0 | AI6: 76.466666 | AK6: =AI6-AJ6 -> 76.466666 | AL6: =AG6+AH6+AJ6-AI6 -> 251.00007 | AO6: =+AL6 -> 251.00007 | AP6: 0 | AQ6: 170.56667 | AR6: 0.5667 | AS6: =AQ6-AR6 -> 169.99997 | AT6: =AO6+AP6+AR6-AQ6 -> 81.000103 | AX6: =+AT6 -> 81.000103 | AY6: 0 | AZ6: 61 | BA6: 0 | BB6: =AZ6-BA6 -> 61 | BC6: =AX6+AY6+BA6-AZ6 -> 20.000103 | BE6: =+BC6 -> 20.000103 | BF6: 0 | BG6: 20 | BH6: 0 | BI6: =+BG6-BH6 -> 20 | BK6: =BE6+BF6+BH6-BG6-BJ6 -> 0.000103 | BL6: 0 | BM6: =+BK6+BJ6 -> 0.000103 | BN6: 0 | BO6: 0 | BP6: 0 | BQ6: =BO6-BP6 -> 0 | BS6: =BM6+BN6+BP6-BO6-BR6 -> 0.000103 | BT6: 0 | BU6: =BS6+BR6 -> 0.000103 | BV6: 0 | BW6: 0 | BX6: 1 | BY6: =BW6-BX6 -> -1 | CA6: =BU6+BV6+BX6-BW6-BZ6 -> 1.000103 | CD6: 1.000103 | CE6: 0 | CF6: 0 | CG6: =_xlfn.XLOOKUP(B6,[3]Sheet1!$A$4:$A$22,[3]Sheet1!$B$4:$B$22) -> 12.4333 | CH6: =CF6-CG6 -> -12.4333 | CJ6: =CD6+CE6+CG6-CF6-CI6 -> 13.433403 | CL6: =CK6+CJ6 -> 13.433403 | CM6: 13
A7: BAKING POWDER | B7: WKFLD. BAKING POWDER 40*400GM | C7: 1475 | D7: 4158.2492 | E7: 40 | Z7: 350 | AA7: 0.375 | AC7: =AA7-AB7 -> 0.375 | AD7: =Y7+Z7+AB7-AA7 -> 349.625 | AE7: 0 | AF7: =+AE7-AC7 -> -0.375 | AG7: =+AD7 -> 349.625 | AH7: 0 | AI7: 100 | AK7: =AI7-AJ7 -> 100 | AL7: =AG7+AH7+AJ7-AI7 -> 249.625 | AO7: =+AL7 -> 249.625 | AP7: 0 | AQ7: 0 | AR7: 0 | AS7: =AQ7-AR7 -> 0 | AT7: =AO7+AP7+AR7-AQ7 -> 249.625 | AX7: =+AT7 -> 249.625 | AY7: 400 | AZ7: 125 | BA7: 0 | BB7: =AZ7-BA7 -> 125 | BC7: =AX7+AY7+BA7-AZ7 -> 524.625 | BE7: =+BC7 -> 524.625 | BF7: 0 | BG7: 148.15 | BH7: 0 | BI7: =+BG7-BH7 -> 148.15 | BK7: =BE7+BF7+BH7-BG7-BJ7 -> 376.475 | BL7: 250 | BM7: =+BK7+BJ7 -> 376.475 | BN7: 0 | BO7: 162 | BP7: 0 | BQ7: =BO7-BP7 -> 162 | BS7: =BM7+BN7+BP7-BO7-BR7 -> 214.475 | BU7: =BS7+BR7 -> 214.475 | BV7: 250 | BW7: 182 | BX7: 0 | BY7: =BW7-BX7 -> 182 | CA7: =BU7+BV7+BX7-BW7-BZ7 -> 282.475 | CD7: 282.475 | CE7: =_xlfn.XLOOKUP(B7,[4]Sheet2!$A$5:$A$25,[4]Sheet2!$B$5:$B$25) -> 250 | CF7: =_xlfn.XLOOKUP(B7,[2]Sheet1!$A$4:$A$38,[2]Sheet1!$B$4:$B$38) -> 366.075 | CG7: 0 | CH7: =CF7-CG7 -> 366.075 | CJ7: =CD7+CE7+CG7-CF7-CI7 -> 166.4 | CL7: =CK7+CJ7 -> 166.4 | CM7: 166
A8: BAKING POWDER | B8: WKFLD. BAKING POWDER 25*1KG | C8: 1740 | D8: 4856.3763 | E8: 25 | S8: 0 | V8: 0 | W8: =S8+T8+V8-U8 -> 0 | X8: 300 | Y8: 0 | Z8: 0 | AA8: 0 | AB8: 0 | AC8: =AA8-AB8 -> 0 | AD8: =Y8+Z8+AB8-AA8 -> 0 | AE8: 0 | AF8: =+AE8-AC8 -> 0 | AG8: =+AD8 -> 0 | AH8: 300 | AI8: 55.32 | AK8: =AI8-AJ8 -> 55.32 | AL8: =AG8+AH8+AJ8-AI8 -> 244.68 | AO8: =+AL8 -> 244.68 | AP8: 150 | AQ8: 20 | AR8: 0 | AS8: =AQ8-AR8 -> 20 | AT8: =AO8+AP8+AR8-AQ8 -> 374.68 | AX8: =+AT8 -> 374.68 | AY8: 0 | AZ8: 0.12 | BA8: 0 | BB8: =AZ8-BA8 -> 0.12 | BC8: =AX8+AY8+BA8-AZ8 -> 374.56 | BE8: =+BC8 -> 374.56 | BF8: 0 | BG8: 1 | BH8: 0 | BI8: =+BG8-BH8 -> 1 | BK8: =BE8+BF8+BH8-BG8-BJ8 -> 373.56 | BL8: 0 | BM8: =+BK8+BJ8 -> 373.56 | BN8: 0 | BO8: 26 | BP8: 15 | BQ8: =BO8-BP8 -> 11 | BS8: =BM8+BN8+BP8-BO8-BR8 -> 362.56 | BT8: 0 | BU8: =BS8+BR8 -> 362.56 | BV8: 0 | BW8: 6 | BX8: 0 | BY8: =BW8-BX8 -> 6 | CA8: =BU8+BV8+BX8-BW8-BZ8 -> 356.56 | CD8: 356.56 | CE8: 0 | CF8: =_xlfn.XLOOKUP(B8,[2]Sheet1!$A$4:$A$38,[2]Sheet1!$B$4:$B$38) -> 2 | CG8: 0 | CH8: =CF8-CG8 -> 2 | CJ8: =CD8+CE8+CG8-CF8-CI8 -> 354.56 | CL8: =CK8+CJ8 -> 354.56 | CM8: 50
A9: BAKING POWDER | B9: WKFLD. BAKING POWDER 6*3KG | C9: 1248 | D9: 3358.5859 | E9: 6 | Z9: 100 | AA9: 0 | AC9: =AA9-AB9 -> 0 | AD9: =Y9+Z9+AB9-AA9 -> 100 | AE9: 0 | AF9: =+AE9-AC9 -> 0 | AG9: =+AD9 -> 100 | AH9: 70 | AI9: 60 | AK9: =AI9-AJ9 -> 60 | AL9: =AG9+AH9+AJ9-AI9 -> 110 | AO9: =+AL9 -> 110 | AP9: 300 | AQ9: 90 | AR9: 0 | AS9: =AQ9-AR9 -> 90 | AT9: =AO9+AP9+AR9-AQ9 -> 320 | AX9: =+AT9 -> 320 | AY9: 30 | AZ9: 85.333333 | BA9: 0 | BB9: =AZ9-BA9 -> 85.333333 | BC9: =AX9+AY9+BA9-AZ9 -> 264.66667 | BE9: =+BC9 -> 264.66667 | BF9: 0 | BG9: 140 | BH9: 0 | BI9: =+BG9-BH9 -> 140 | BK9: =BE9+BF9+BH9-BG9-BJ9 -> 124.66667 | BL9: 100 | BM9: =+BK9+BJ9 -> 124.66667 | BN9: 0 | BO9: 85 | BP9: 0 | BQ9: =BO9-BP9 -> 85 | BS9: =BM9+BN9+BP9-BO9-BR9 -> 39.666667 | BU9: =BS9+BR9 -> 39.666667 | BV9: 100 | BW9: 124.3333 | BX9: 0 | BY9: =BW9-BX9 -> 124.3333 | CA9: =BU9+BV9+BX9-BW9-BZ9 -> 15.333367 | CD9: 15.333367 | CE9: =_xlfn.XLOOKUP(B9,[4]Sheet2!$A$5:$A$25,[4]Sheet2!$B$5:$B$25) -> 150 | CF9: =_xlfn.XLOOKUP(B9,[2]Sheet1!$A$4:$A$38,[2]Sheet1!$B$4:$B$38) -> 150 | CG9: 0 | CH9: =CF9-CG9 -> 150 | CJ9: =CD9+CE9+CG9-CF9-CI9 -> 15.333367 | CL9: =CK9+CJ9 -> 15.333367 | CM9: 15 | CN9: 150
A10: BAKING POWDER | B10: WKFLD. BAKING POWDER 4*3KG | C10: 832 | D10: 2239.0572 | E10: 4 | F10: ='24-25'!CI7 -> 407.5 | G10: 0 | H10: 67 | J10: =F10+G10+I10-H10 -> 340.5 | M10: =J10 -> 340.5 | N10: 100 | O10: 144 | P10: 0 | Q10: =M10+N10+P10-O10 -> 296.5 | S10: =Q10 -> 296.5 | U10: 116.25 | V10: 14.25 | W10: =S10+T10+V10-U10 -> 194.5 | X10: 100 | Y10: =W10 -> 194.5 | AA10: 105 | AB10: 0 | AC10: =AA10-AB10 -> 105 | AD10: =Y10+Z10+AB10-AA10 -> 89.5 | AE10: 250 | AF10: =+AE10-AC10 -> 145 | AG10: =+AD10 -> 89.5 | AH10: 0 | AI10: 89 | AK10: =AI10-AJ10 -> 89 | AL10: =AG10+AH10+AJ10-AI10 -> 0.5 | AO10: =+AL10 -> 0.5 | AP10: 0 | AQ10: 0 | AR10: 0 | AS10: =AQ10-AR10 -> 0 | AT10: =AO10+AP10+AR10-AQ10 -> 0.5 | AX10: =+AT10 -> 0.5 | AY10: 0 | AZ10: 0 | BA10: 0 | BB10: =AZ10-BA10 -> 0 | BC10: =AX10+AY10+BA10-AZ10 -> 0.5 | BE10: =+BC10 -> 0.5 | BF10: 0 | BG10: 12 | BH10: 12 | BI10: =+BG10-BH10 -> 0 | BK10: =BE10+BF10+BH10-BG10-BJ10 -> 0.5 | BL10: 0 | BM10: =+BK10+BJ10 -> 0.5 | BN10: 0 | BO10: 0 | BP10: 0 | BQ10: =BO10-BP10 -> 0 | BS10: =BM10+BN10+BP10-BO10-BR10 -> 0.5 | BT10: 0 | BU10: =BS10+BR10 -> 0.5 | BV10: 0 | BW10: 0 | BX10: 1 | BY10: =BW10-BX10 -> -1 | CA10: =BU10+BV10+BX10-BW10-BZ10 -> 1.5 | CD10: 1.5 | CE10: 0 | CF10: 0 | CG10: =_xlfn.XLOOKUP(B10,[3]Sheet1!$A$4:$A$22,[3]Sheet1!$B$4:$B$22) -> 5 | CH10: =CF10-CG10 -> -5 | CJ10: =CD10+CE10+CG10-CF10-CI10 -> 6.5 | CL10: =CK10+CJ10 -> 6.5 | CM10: 6
B11: Baking Powder Total | F11: =SUM(F5:F10) -> 523.6734 | G11: =SUM(G5:G10) -> 650 | H11: =SUM(H5:H10) -> 185.65 | I11: =SUM(I5:I10) -> 0 | J11: =SUM(J5:J10) -> 988.0234 | K11: =SUM(K5:K10) -> 0 | L11: =SUM(L5:L10) -> 0 | M11: =SUM(M5:M10) -> 988.0234 | ... BV11: =SUM(BV5:BV10) -> 450 | BW11: 375.6333 | BX11: 4 | BY11: =SUM(BY5:BY10) -> 371.6333 | BZ11: =SUM(BZ5:BZ10) -> 0 | CA11: =SUM(CA5:CA10) -> 696.34847 | CB11: =SUM(CB5:CB10) -> 0 | CC11: =SUM(CC5:CC10) -> 0 | CD11: =SUM(CD5:CD10) -> 696.34847 | CE11: =SUM(CE5:CE10) -> 500 | CF11: =SUM(CF5:CF10) -> 602.325 | ... CL11: =SUM(CL5:CL10) -> 612.21677 | CN11: =SUM(CN5:CN10) -> 200
A12: BAKING SODA | B12: WKFLD. BAKING SODA 100*100GM | C12: 1160 | D12: 3885.0039 | E12: 100 | F12: ='24-25'!CI9 -> 64.82 | G12: 50 | H12: 42.15 | J12: =F12+G12+I12-H12 -> 72.67 | M12: =J12 -> 72.67 | N12: 50 | O12: 67.61 | P12: 0.59 | Q12: =M12+N12+P12-O12 -> 55.65 | S12: =Q12 -> 55.65 | U12: 55.83 | V12: 2.17 | W12: =S12+T12+V12-U12 -> 1.99 | X12: 70 | Y12: =W12 -> 1.99 | Z12: 70 | AA12: 72.54 | AB12: 1 | AC12: =AA12-AB12 -> 71.54 | AD12: =Y12+Z12+AB12-AA12 -> 0.45 | AE12: 100 | AF12: =+AE12-AC12 -> 28.46 | AG12: =+AD12 -> 0.45 | AH12: 100 | AI12: 79.64 | AK12: =AI12-AJ12 -> 79.64 | AL12: =AG12+AH12+AJ12-AI12 -> 20.81 | AO12: =+AL12 -> 20.81 | AP12: 100 | AQ12: 72 | AR12: 0 | AS12: =AQ12-AR12 -> 72 | AT12: =AO12+AP12+AR12-AQ12 -> 48.81 | AX12: =+AT12 -> 48.81 | AY12: 150 | AZ12: 53.07 | BA12: 0 | BB12: =AZ12-BA12 -> 53.07 | BC12: =AX12+AY12+BA12-AZ12 -> 145.74 | BE12: =+BC12 -> 145.74 | BF12: 0 | BG12: 88.85 | BH12: 2 | BI12: =+BG12-BH12 -> 86.85 | BK12: =BE12+BF12+BH12-BG12-BJ12 -> 58.89 | BL12: 100 | BM12: =+BK12+BJ12 -> 58.89 | BN12: 0 | BO12: 52.1 | BP12: 0 | BQ12: =BO12-BP12 -> 52.1 | BS12: =BM12+BN12+BP12-BO12-BR12 -> 6.79 | BU12: =BS12+BR12 -> 6.79 | BV12: 100 | BW12: 68.62 | BX12: 1 | BY12: =BW12-BX12 -> 67.62 | CA12: =BU12+BV12+BX12-BW12-BZ12 -> 39.17 | CD12: 39.17 | CE12: =_xlfn.XLOOKUP(B12,[4]Sheet2!$A$5:$A$25,[4]Sheet2!$B$5:$B$25) -> 100 | CF12: =_xlfn.XLOOKUP(B12,[2]Sheet1!$A$4:$A$38,[2]Sheet1!$B$4:$B$38) -> 61.43 | CG12: =_xlfn.XLOOKUP(B12,[3]Sheet1!$A$4:$A$22,[3]Sheet1!$B$4:$B$22) -> 1.65 | CH12: =CF12-CG12 -> 59.78 | CJ12: =CD12+CE12+CG12-CF12-CI12 -> 79.39 | CL12: =CK12+CJ12 -> 79.39 | CM12: 75 | CN12: 25
A13: BAKING SODA | B13: WKFLD. BAKING SODA 40*400GM | C13: 1413 | D13: 4158.2492 | E13: 40 | S13: 0 | V13: 0 | W13: =S13+T13+V13-U13 -> 0 | X13: 100 | Y13: 0 | Z13: 0 | AA13: 0 | AB13: 0 | AC13: =AA13-AB13 -> 0 | AD13: =Y13+Z13+AB13-AA13 -> 0 | AE13: 0 | AF13: =+AE13-AC13 -> 0 | AG13: =+AD13 -> 0 | AH13: 100 | AI13: 63.025 | AK13: =AI13-AJ13 -> 63.025 | AL13: =AG13+AH13+AJ13-AI13 -> 36.975 | AO13: =+AL13 -> 36.975 | AP13: 400 | AQ13: 17 | AR13: 0 | AS13: =AQ13-AR13 -> 17 | AT13: =AO13+AP13+AR13-AQ13 -> 419.975 | AX13: =+AT13 -> 419.975 | AY13: 0 | AZ13: 13.025 | BA13: 0 | BB13: =AZ13-BA13 -> 13.025 | BC13: =AX13+AY13+BA13-AZ13 -> 406.95 | BE13: =+BC13 -> 406.95 | BF13: 0 | BG13: 24.05 | BH13: 0 | BI13: =+BG13-BH13 -> 24.05 | BK13: =BE13+BF13+BH13-BG13-BJ13 -> 382.9 | BL13: 0 | BM13: =+BK13+BJ13 -> 382.9 | BN13: 0 | BO13: 52 | BP13: 0 | BQ13: =BO13-BP13 -> 52 | BS13: =BM13+BN13+BP13-BO13-BR13 -> 330.9 | BT13: 0 | BU13: =BS13+BR13 -> 330.9 | BV13: 0 | BW13: 24 | BX13: 0 | BY13: =BW13-BX13 -> 24 | CA13: =BU13+BV13+BX13-BW13-BZ13 -> 306.9 | CD13: 306.9 | CE13: 0 | CF13: =_xlfn.XLOOKUP(B13,[2]Sheet1!$A$4:$A$38,[2]Sheet1!$B$4:$B$38) -> 40 | CG13: 0 | CH13: =CF13-CG13 -> 40 | CJ13: =CD13+CE13+CG13-CF13-CI13 -> 266.9 | CL13: =CK13+CJ13 -> 266.9 | CM13: 266
B14: Baking Soda Total | F14: =SUM(F12) -> 64.82 | G14: =SUM(G12) -> 50 | H14: =SUM(H12) -> 42.15 | I14: =SUM(I12) -> 0 | J14: =SUM(J12) -> 72.67 | K14: =SUM(K12) -> 0 | L14: =SUM(L12) -> 0 | M14: =SUM(M12) -> 72.67 | ... U14: =SUM(U12) -> 55.83 | V14: =SUM(V12:V13) -> 2.17 | W14: =SUM(W12:W13) -> 1.99 | X14: =SUM(X12:X13) -> 170 | Y14: =SUM(Y12:Y13) -> 1.99 | Z14: =SUM(Z12:Z13) -> 70 | AA14: =SUM(AA12:AA13) -> 72.54 | AB14: =SUM(AB12:AB13) -> 1 | AC14: =SUM(AC12:AC13) -> 71.54 | ... BV14: =SUM(BV12:BV13) -> 100 | BW14: 92.62 | BX14: 1 | BY14: =SUM(BY12:BY13) -> 91.62 | BZ14: =SUM(BZ12:BZ13) -> 0 | CA14: =SUM(CA12:CA13) -> 346.07 | CB14: =SUM(CB12:CB13) -> 0 | CC14: =SUM(CC12:CC13) -> 0 | CD14: =SUM(CD12:CD13) -> 346.07 | CE14: =SUM(CE12:CE13) -> 100 | CF14: =SUM(CF12:CF13) -> 101.43 | ... CL14: =SUM(CL12:CL13) -> 346.29 | CN14: =SUM(CN12:CN13) -> 25
A15: COCOA POWDER | B15: WKFLD. COCOA POWDER 40*150GM | C15: 5700 | D15: 18648.019 | E15: 40 | F15: ='24-25'!CI11 -> 20.4 | G15: 20 | H15: 25 | J15: =F15+G15+I15-H15 -> 15.4 | M15: =J15 -> 15.4 | N15: 25 | O15: =38.925-15-10 -> 13.925 | P15: 1.925 | Q15: =M15+N15+P15-O15 -> 28.4 | S15: =Q15 -> 28.4 | U15: 32.225 | V15: 33.9 | W15: =S15+T15+V15-U15 -> 30.075 | X15: 50 | Y15: =W15 -> 30.075 | Z15: 50 | AA15: =28-10 -> 18 | AB15: 1 | AC15: =AA15-AB15 -> 17 | AD15: =Y15+Z15+AB15-AA15 -> 63.075 | AE15: 10 | AF15: =+AE15-AC15 -> -7 | AG15: =+AD15 -> 63.075 | AH15: 0 | AI15: 25 | AK15: =AI15-AJ15 -> 25 | AL15: =AG15+AH15+AJ15-AI15 -> 38.075 | AO15: =+AL15 -> 38.075 | AP15: 0 | AQ15: 1.25 | AR15: 0.475 | AS15: =AQ15-AR15 -> 0.775 | AT15: =AO15+AP15+AR15-AQ15 -> 37.3 | AX15: =+AT15 -> 37.3 | AY15: 25 | AZ15: 29.025 | BA15: 0 | BB15: =AZ15-BA15 -> 29.025 | BC15: =AX15+AY15+BA15-AZ15 -> 33.275 | BE15: =+BC15 -> 33.275 | BF15: 0 | BG15: 4.975 | BH15: 2 | BI15: =+BG15-BH15 -> 2.975 | BJ15: 29.3 | BK15: =BE15+BF15+BH15-BG15-BJ15 -> 1 | BL15: 50 | BM15: =+BK15+BJ15 -> 30.3 | BN15: 0 | BO15: 35.475 | BP15: 9.475 | BQ15: =BO15-BP15 -> 26 | BR15: 4.3 | BS15: =BM15+BN15+BP15-BO15-BR15 -> -9.7699626e-15 | BU15: =BS15+BR15 -> 4.3 | BV15: 50 | BW15: 50 | BX15: 2 | BY15: =BW15-BX15 -> 48 | BZ15: 4.3 | CA15: =BU15+BV15+BX15-BW15-BZ15 -> 2 | CD15: 2 | CE15: =_xlfn.XLOOKUP(B15,[4]Sheet2!$A$5:$A$25,[4]Sheet2!$B$5:$B$25) -> 50 | CF15: =_xlfn.XLOOKUP(B15,[2]Sheet1!$A$4:$A$38,[2]Sheet1!$B$4:$B$38) -> 26 | CG15: =_xlfn.XLOOKUP(B15,[3]Sheet1!$A$4:$A$22,[3]Sheet1!$B$4:$B$22) -> 0.625 | CH15: =CF15-CG15 -> 25.375 | CI15: 4.3 | CJ15: =CD15+CE15+CG15-CF15-CI15 -> 22.325 | CL15: =CK15+CJ15 -> 22.325 | CM15: 20 | CN15: 50
A16: COCOA POWDER | B16: WKFLD. COCOA POWDER 96*50GM | C16: 4800 | D16: 22377.622 | E16: 96 | F16: ='24-25'!CI12 -> 38.885416 | G16: 0 | H16: 19 | J16: =F16+G16+I16-H16 -> 19.885416 | M16: =J16 -> 19.885416 | N16: 25 | O16: =33.895833-15-10 -> 8.895833 | P16: 0.8958 | Q16: =M16+N16+P16-O16 -> 36.885383 | S16: =Q16 -> 36.885383 | U16: 26.322933 | V16: 17.2813 | W16: =S16+T16+V16-U16 -> 27.84375 | X16: 50 | Y16: =W16 -> 27.84375 | Z16: 50 | AA16: =22-10 -> 12 | AB16: 1 | AC16: =AA16-AB16 -> 11 | AD16: =Y16+Z16+AB16-AA16 -> 66.84375 | AE16: 10 | AF16: =+AE16-AC16 -> -1 | AG16: =+AD16 -> 66.84375 | AH16: 0 | AI16: 25 | AK16: =AI16-AJ16 -> 25 | AL16: =AG16+AH16+AJ16-AI16 -> 41.84375 | AO16: =+AL16 -> 41.84375 | AP16: 0 | AQ16: 6 | AR16: 0 | AS16: =AQ16-AR16 -> 6 | AT16: =AO16+AP16+AR16-AQ16 -> 35.84375 | AX16: =+AT16 -> 35.84375 | AY16: 0 | AZ16: 12 | BA16: 0 | BB16: =AZ16-BA16 -> 12 | BC16: =AX16+AY16+BA16-AZ16 -> 23.84375 | BE16: =+BC16 -> 23.84375 | BF16: 0 | BG16: 9 | BH16: 2 | BI16: =+BG16-BH16 -> 7 | BJ16: 16.77 | BK16: =BE16+BF16+BH16-BG16-BJ16 -> 0.07375 | BL16: 40 | BM16: =+BK16+BJ16 -> 16.84375 | BN16: 0 | BO16: 0.072916 | BP16: 0 | BQ16: =BO16-BP16 -> 0.072916 | BR16: 16.77 | BS16: =BM16+BN16+BP16-BO16-BR16 -> 0.000834 | BU16: =BS16+BR16 -> 16.770834 | BV16: 40 | BW16: 15 | BX16: 0.6563 | BY16: =BW16-BX16 -> 14.3437 | BZ16: 16.77 | CA16: =BU16+BV16+BX16-BW16-BZ16 -> 25.657134 | CD16: 25.657134 | CE16: =_xlfn.XLOOKUP(B16,[4]Sheet2!$A$5:$A$25,[4]Sheet2!$B$5:$B$25) -> 40 | CF16: =_xlfn.XLOOKUP(B16,[2]Sheet1!$A$4:$A$38,[2]Sheet1!$B$4:$B$38) -> 17 | CG16: =_xlfn.XLOOKUP(B16,[3]Sheet1!$A$4:$A$22,[3]Sheet1!$B$4:$B$22) -> 0.8021 | CH16: =CF16-CG16 -> 16.1979 | CI16: 16.77 | CJ16: =CD16+CE16+CG16-CF16-CI16 -> 32.689234 | CL16: =CK16+CJ16 -> 32.689234 | CM16: 20 | CN16: 25
B17: Cocoa Powder Total | F17: =SUM(F15:F16) -> 59.285416 | G17: =SUM(G15:G16) -> 20 | H17: =SUM(H15:H16) -> 44 | I17: =SUM(I15:I16) -> 0 | J17: =SUM(J15:J16) -> 35.285416 | K17: =SUM(K15:K16) -> 0 | L17: =SUM(L15:L16) -> 0 | M17: =SUM(M15:M16) -> 35.285416 | ... BV17: =SUM(BV15:BV16) -> 90 | BW17: 65 | BX17: 2.6563 | BY17: =SUM(BY15:BY16) -> 62.3437 | BZ17: =SUM(BZ15:BZ16) -> 21.07 | CA17: =SUM(CA15:CA16) -> 27.657134 | CB17: =SUM(CB15:CB16) -> 0 | CC17: =SUM(CC15:CC16) -> 0 | CD17: =SUM(CD15:CD16) -> 27.657134 | CE17: =SUM(CE15:CE16) -> 90 | CF17: =SUM(CF15:CF16) -> 43 | ... CL17: =SUM(CL15:CL16) -> 55.014234 | CN17: =SUM(CN15:CN16) -> 75
A18: CORNFLOUR | B18: WKFLD. CORNFLOUR 100*100GM | C18: 950 | D18: 3885.0039 | E18: 100 | F18: ='24-25'!CI14 -> 72.32 | G18: 0 | H18: 43 | J18: =F18+G18+I18-H18 -> 29.32 | M18: =J18 -> 29.32 | N18: 70 | O18: 43.46 | P18: 2.46 | Q18: =M18+N18+P18-O18 -> 58.32 | S18: =Q18 -> 58.32 | U18: 28.4 | V18: 1.4 | W18: =S18+T18+V18-U18 -> 31.32 | X18: 75 | Y18: =W18 -> 31.32 | Z18: 75 | AA18: 45.05 | AB18: 1 | AC18: =AA18-AB18 -> 44.05 | AD18: =Y18+Z18+AB18-AA18 -> 62.27 | AE18: 70 | AF18: =+AE18-AC18 -> 25.95 | AG18: =+AD18 -> 62.27 | AH18: 75 | AI18: 36.01 | AK18: =AI18-AJ18 -> 36.01 | AL18: =AG18+AH18+AJ18-AI18 -> 101.26 | AO18: =+AL18 -> 101.26 | AP18: 100 | AQ18: 49.21 | AR18: 0.21 | AS18: =AQ18-AR18 -> 49 | AT18: =AO18+AP18+AR18-AQ18 -> 152.26 | AX18: =+AT18 -> 152.26 | AY18: 0 | AZ18: 32 | BA18: 0 | BB18: =AZ18-BA18 -> 32 | BC18: =AX18+AY18+BA18-AZ18 -> 120.26 | BE18: =+BC18 -> 120.26 | BF18: 0 | BG18: 48 | BH18: 0 | BI18: =+BG18-BH18 -> 48 | BK18: =BE18+BF18+BH18-BG18-BJ18 -> 72.26 | BL18: 50 | BM18: =+BK18+BJ18 -> 72.26 | BN18: 0 | BO18: 40 | BP18: 0 | BQ18: =BO18-BP18 -> 40 | BS18: =BM18+BN18+BP18-BO18-BR18 -> 32.26 | BU18: =BS18+BR18 -> 32.26 | BV18: 50 | BW18: 46 | BX18: 7 | BY18: =BW18-BX18 -> 39 | CA18: =BU18+BV18+BX18-BW18-BZ18 -> 43.26 | CD18: 43.26 | CE18: =_xlfn.XLOOKUP(B18,[4]Sheet2!$A$5:$A$25,[4]Sheet2!$B$5:$B$25) -> 75 | CF18: =_xlfn.XLOOKUP(B18,[2]Sheet1!$A$4:$A$38,[2]Sheet1!$B$4:$B$38) -> 61 | CG18: =_xlfn.XLOOKUP(B18,[3]Sheet1!$A$4:$A$22,[3]Sheet1!$B$4:$B$22) -> 1.86 | CH18: =CF18-CG18 -> 59.14 | CJ18: =CD18+CE18+CG18-CF18-CI18 -> 59.12 | CL18: =CK18+CJ18 -> 59.12 | CM18: 59 | CN18: 50
A19: CORNFLOUR | B19: WKFLD. CORNFLOUR 20*500GM | C19: 790 | D19: 2079.1246 | E19: 20 | F19: ='24-25'!CI15 -> 0.65 | G19: 200 | H19: 110.65 | J19: =F19+G19+I19-H19 -> 90 | M19: =J19 -> 90 | N19: 350 | O19: 159.5 | P19: 8.5 | Q19: =M19+N19+P19-O19 -> 289 | S19: =Q19 -> 289 | U19: 77.05 | V19: 8.3 | W19: =S19+T19+V19-U19 -> 220.25 | Y19: =W19 -> 220.25 | Z19: 0 | AA19: 46.45 | AB19: 3 | AC19: =AA19-AB19 -> 43.45 | AD19: =Y19+Z19+AB19-AA19 -> 176.8 | AE19: 100 | AF19: =+AE19-AC19 -> 56.55 | AG19: =+AD19 -> 176.8 | AH19: 0 | AI19: 53.5 | AK19: =AI19-AJ19 -> 53.5 | AL19: =AG19+AH19+AJ19-AI19 -> 123.3 | AO19: =+AL19 -> 123.3 | AP19: 0 | AQ19: 33.65 | AR19: 0.65 | AS19: =AQ19-AR19 -> 33 | AT19: =AO19+AP19+AR19-AQ19 -> 90.3 | AX19: =+AT19 -> 90.3 | AY19: 0 | AZ19: 64 | BA19: 0 | BB19: =AZ19-BA19 -> 64 | BC19: =AX19+AY19+BA19-AZ19 -> 26.3 | BE19: =+BC19 -> 26.3 | BF19: 0 | BG19: 25 | BH19: 0 | BI19: =+BG19-BH19 -> 25 | BK19: =BE19+BF19+BH19-BG19-BJ19 -> 1.3 | BL19: 0 | BM19: =+BK19+BJ19 -> 1.3 | BN19: 0 | BO19: 0 | BP19: 0 | BQ19: =BO19-BP19 -> 0 | BS19: =BM19+BN19+BP19-BO19-BR19 -> 1.3 | BT19: 0 | BU19: =BS19+BR19 -> 1.3 | BV19: 0 | BW19: 14 | BX19: 21.55 | BY19: =BW19-BX19 -> -7.55 | CA19: =BU19+BV19+BX19-BW19-BZ19 -> 8.85 | CD19: 8.85 | CE19: 0 | CF19: 0 | CG19: =_xlfn.XLOOKUP(B19,[3]Sheet1!$A$4:$A$22,[3]Sheet1!$B$4:$B$22) -> 4.85 | CH19: =CF19-CG19 -> -4.85 | CJ19: =CD19+CE19+CG19-CF19-CI19 -> 13.7 | CL19: =CK19+CJ19 -> 13.7 | CM19: 13
A20: CORNFLOUR | B20: WKFLD. CORNFLOUR 30*500GM | C20: 1872 | D20: 5637.63 | E20: 30 | AG20: =+AD20 -> 0 | AH20: 0 | AI20: 0 | AK20: =AI20-AJ20 -> 0 | AL20: =AG20+AH20+AJ20-AI20 -> 0 | AO20: =+AL20 -> 0 | AP20: 150 | AQ20: 0 | AR20: 0 | AS20: =AQ20-AR20 -> 0 | AT20: =AO20+AP20+AR20-AQ20 -> 150 | AX20: =+AT20 -> 150 | AY20: 0 | AZ20: 58.133333 | BA20: 0 | BB20: =AZ20-BA20 -> 58.133333 | BC20: =AX20+AY20+BA20-AZ20 -> 91.866667 | BE20: =+BC20 -> 91.866667 | BF20: 0 | BG20: 91 | BH20: 0 | BI20: =+BG20-BH20 -> 91 | BK20: =BE20+BF20+BH20-BG20-BJ20 -> 0.866667 | BL20: 150 | BM20: =+BK20+BJ20 -> 0.866667 | BN20: 0 | BO20: 0 | BP20: 0 | BQ20: =BO20-BP20 -> 0 | BS20: =BM20+BN20+BP20-BO20-BR20 -> 0.866667 | BU20: =BS20+BR20 -> 0.866667 | BV20: 200 | BW20: 85.3334 | BX20: 0 | BY20: =BW20-BX20 -> 85.3334 | CA20: =BU20+BV20+BX20-BW20-BZ20 -> 115.53327 | CD20: 115.53327 | CE20: =_xlfn.XLOOKUP(B20,[4]Sheet2!$A$5:$A$25,[4]Sheet2!$B$5:$B$25) -> 100 | CF20: =_xlfn.XLOOKUP(B20,[2]Sheet1!$A$4:$A$38,[2]Sheet1!$B$4:$B$38) -> 108.2333 | CG20: 0 | CH20: =CF20-CG20 -> 108.2333 | CJ20: =CD20+CE20+CG20-CF20-CI20 -> 107.29997 | CL20: =CK20+CJ20 -> 107.29997 | CM20: 55
A21: CORNFLOUR | B21: WKFLD. CORNFLOUR 25*1000GM | C21: 1516 | D21: 3885.0039 | E21: 25 | F21: ='24-25'!CI16 -> 64.12 | G21: 0 | H21: 43 | J21: =F21+G21+I21-H21 -> 21.12 | M21: =J21 -> 21.12 | N21: 150 | O21: 79.64 | P21: 0.64 | Q21: =M21+N21+P21-O21 -> 92.12 | S21: =Q21 -> 92.12 | U21: 18 | V21: 2 | W21: =S21+T21+V21-U21 -> 76.12 | X21: 50 | Y21: =W21 -> 76.12 | Z21: 50 | AA21: 19.2 | AB21: 1 | AC21: =AA21-AB21 -> 18.2 | AD21: =Y21+Z21+AB21-AA21 -> 107.92 | AE21: 50 | AF21: =+AE21-AC21 -> 31.8 | AG21: =+AD21 -> 107.92 | AH21: 100 | AI21: 55 | AK21: =AI21-AJ21 -> 55 | AL21: =AG21+AH21+AJ21-AI21 -> 152.92 | AO21: =+AL21 -> 152.92 | AP21: 0 | AQ21: 21 | AR21: 0 | AS21: =AQ21-AR21 -> 21 | AT21: =AO21+AP21+AR21-AQ21 -> 131.92 | AX21: =+AT21 -> 131.92 | AY21: 50 | AZ21: 60 | BA21: 0 | BB21: =AZ21-BA21 -> 60 | BC21: =AX21+AY21+BA21-AZ21 -> 121.92 | BE21: =+BC21 -> 121.92 | BF21: 0 | BG21: 40.08 | BH21: 0 | BI21: =+BG21-BH21 -> 40.08 | BK21: =BE21+BF21+BH21-BG21-BJ21 -> 81.84 | BL21: 50 | BM21: =+BK21+BJ21 -> 81.84 | BN21: 0 | BO21: 29.08 | BP21: 0 | BQ21: =BO21-BP21 -> 29.08 | BS21: =BM21+BN21+BP21-BO21-BR21 -> 52.76 | BU21: =BS21+BR21 -> 52.76 | BV21: 100 | BW21: 82 | BX21: 1 | BY21: =BW21-BX21 -> 81 | CA21: =BU21+BV21+BX21-BW21-BZ21 -> 71.76 | CD21: 71.76 | CE21: =_xlfn.XLOOKUP(B21,[4]Sheet2!$A$5:$A$25,[4]Sheet2!$B$5:$B$25) -> 50 | CF21: =_xlfn.XLOOKUP(B21,[2]Sheet1!$A$4:$A$38,[2]Sheet1!$B$4:$B$38) -> 55 | CG21: 0 | CH21: =CF21-CG21 -> 55 | CJ21: =CD21+CE21+CG21-CF21-CI21 -> 66.76 | CL21: =CK21+CJ21 -> 66.76 | CM21: 66 | CN21: 100
A22: CORNFLOUR | B22: WKFLD. CORNFLOUR 25*800GM | CL22: =CK22+CJ22 -> 0 | CN22: 800
B23: Corn Flour Total | F23: =SUM(F18:F21) -> 137.09 | G23: =SUM(G18:G21) -> 200 | H23: =SUM(H18:H21) -> 196.65 | I23: =SUM(I18:I21) -> 0 | J23: =SUM(J18:J21) -> 140.44 | K23: =SUM(K18:K21) -> 0 | L23: =SUM(L18:L21) -> 0 | M23: =SUM(M18:M21) -> 140.44 | ... BV23: =SUM(BV18:BV21) -> 350 | BW23: 227.3334 | BX23: 29.55 | BY23: =SUM(BY18:BY21) -> 197.7834 | BZ23: =SUM(BZ18:BZ21) -> 0 | CA23: =SUM(CA18:CA21) -> 239.40327 | CB23: =SUM(CB18:CB21) -> 0 | CC23: =SUM(CC18:CC21) -> 0 | CD23: =SUM(CD18:CD22) -> 239.40327 | CE23: =SUM(CE18:CE22) -> 225 | CF23: =SUM(CF18:CF22) -> 224.2333 | CG23: =SUM(CG18:CG22) -> 6.71 | CH23: =SUM(CH18:CH22) -> 217.5233 | CI23: =SUM(CI18:CI22) -> 0 | CJ23: =SUM(CJ18:CJ22) -> 246.87997 | CK23: =SUM(CK18:CK22) -> 0 | CL23: =SUM(CL18:CL22) -> 246.87997 | CN23: =SUM(CN18:CN22) -> 950
A24: CUSTARD POWDER | B24: WKFLD. CUSTARD POWDER VANILLA 100*100GM | C24: 1538 | D24: 5283.6053 | E24: 100 | F24: ='24-25'!CI18 -> 72.98 | G24: 0 | H24: 32.15 | J24: =F24+G24+I24-H24 -> 40.83 | M24: =J24 -> 40.83 | N24: 50 | O24: 60.35 | P24: 2.55 | Q24: =M24+N24+P24-O24 -> 33.03 | S24: =Q24 -> 33.03 | U24: 36.61 | V24: 12.2 | W24: =S24+T24+V24-U24 -> 8.62 | X24: 100 | Y24: =W24 -> 8.62 | Z24: 100 | AA24: 32 | AB24: 1.01 | AC24: =AA24-AB24 -> 30.99 | AD24: =Y24+Z24+AB24-AA24 -> 77.63 | AE24: 50 | AF24: =+AE24-AC24 -> 19.01 | AG24: =+AD24 -> 77.63 | AH24: 0 | AI24: 46.06 | AK24: =AI24-AJ24 -> 46.06 | AL24: =AG24+AH24+AJ24-AI24 -> 31.57 | AO24: =+AL24 -> 31.57 | AP24: 100 | AQ24: 24.71 | AR24: 0.71 | AS24: =AQ24-AR24 -> 24 | AT24: =AO24+AP24+AR24-AQ24 -> 107.57 | AX24: =+AT24 -> 107.57 | AY24: 70 | AZ24: 25 | BA24: 0 | BB24: =AZ24-BA24 -> 25 | BC24: =AX24+AY24+BA24-AZ24 -> 152.57 | BE24: =+BC24 -> 152.57 | BF24: 0 | BG24: 29 | BH24: 1 | BI24: =+BG24-BH24 -> 28 | BK24: =BE24+BF24+BH24-BG24-BJ24 -> 124.57 | BL24: 0 | BM24: =+BK24+BJ24 -> 124.57 | BN24: 0 | BO24: 19 | BP24: 0 | BQ24: =BO24-BP24 -> 19 | BS24: =BM24+BN24+BP24-BO24-BR24 -> 105.57 | BT24: 0 | BU24: =BS24+BR24 -> 105.57 | BV24: 0 | BW24: 24 | BX24: 7.47 | BY24: =BW24-BX24 -> 16.53 | CA24: =BU24+BV24+BX24-BW24-BZ24 -> 89.04 | CD24: 89.04 | CE24: =_xlfn.XLOOKUP(B24,[4]Sheet2!$A$5:$A$25,[4]Sheet2!$B$5:$B$25) -> 25 | CF24: =_xlfn.XLOOKUP(B24,[2]Sheet1!$A$4:$A$38,[2]Sheet1!$B$4:$B$38) -> 18 | CG24: =_xlfn.XLOOKUP(B24,[3]Sheet1!$A$4:$A$22,[3]Sheet1!$B$4:$B$22) -> 1.66 | CH24: =CF24-CG24 -> 16.34 | CJ24: =CD24+CE24+CG24-CF24-CI24 -> 97.7 | CL24: =CK24+CJ24 -> 97.7 | CM24: 35 | CN24: 25
A25: CUSTARD POWDER | B25: WKFLD. READY TO EAT CUSTARD 30*200ML | C25: 900 | D25: 3030.3 | E25: 30 | F25: 0 | G25: 0 | H25: 0 | J25: =F25+G25+I25-H25 -> 0 | M25: =J25 -> 0 | N25: 0 | O25: 0 | P25: 0 | Q25: =M25+N25+P25-O25 -> 0 | R25: 243 | S25: =Q25 -> 0 | T25: 263 | U25: 89 | V25: 0 | W25: =S25+T25+V25-U25 -> 174 | X25: 100 | Y25: =W25 -> 174 | Z25: 100 | AA25: =42-10 -> 32 | AB25: 0 | AC25: =AA25-AB25 -> 32 | AD25: =Y25+Z25+AB25-AA25 -> 242 | AE25: 100 | AF25: =+AE25-AC25 -> 68 | AG25: =+AD25 -> 242 | AH25: 0 | AI25: 24 | AK25: =AI25-AJ25 -> 24 | AL25: =AG25+AH25+AJ25-AI25 -> 218 | AO25: =+AL25 -> 218 | AP25: 0 | AQ25: 23.133333 | AR25: 0 | AS25: =AQ25-AR25 -> 23.133333 | AT25: =AO25+AP25+AR25-AQ25 -> 194.86667 | AX25: =+AT25 -> 194.86667 | AY25: 0 | AZ25: 20.666666 | BA25: 0 | BB25: =AZ25-BA25 -> 20.666666 | BC25: =AX25+AY25+BA25-AZ25 -> 174.2 | BE25: =+BC25 -> 174.2 | BF25: 3.3e-05 | BG25: 14 | BH25: 2.7333 | BI25: =+BG25-BH25 -> 11.2667 | BK25: =BE25+BF25+BH25-BG25-BJ25 -> 162.93333 | BL25: 0 | BM25: =+BK25+BJ25 -> 162.93333 | BN25: 0 | BO25: 10 | BP25: 0 | BQ25: =BO25-BP25 -> 10 | BS25: =BM25+BN25+BP25-BO25-BR25 -> 152.93333 | BT25: 0 | BU25: =BS25+BR25 -> 152.93333 | BV25: 0 | BW25: 0 | BX25: 0.5667 | BY25: =BW25-BX25 -> -0.5667 | CA25: =BU25+BV25+BX25-BW25-BZ25 -> 153.50003 | CD25: 153.50003 | CE25: 0 | CF25: 0 | CG25: =_xlfn.XLOOKUP(B25,[3]Sheet1!$A$4:$A$22,[3]Sheet1!$B$4:$B$22) -> 11.3333 | CH25: =CF25-CG25 -> -11.3333 | CJ25: =CD25+CE25+CG25-CF25-CI25 -> 164.83333 | CL25: =CK25+CJ25 -> 164.83333
A26: CUSTARD POWDER | B26: WKFLD. CUSTARD POWDER VANILLA 30*500GM | C26: 1872 | D26: 5637.6263 | E26: 30 | Y26: =W26 -> 0 | Z26: 50 | AC26: =AA26-AB26 -> 0 | AD26: =Y26+Z26+AB26-AA26 -> 50 | AE26: 0 | AF26: =+AE26-AC26 -> 0 | AG26: =+AD26 -> 50 | AH26: 150 | AI26: 34 | AK26: =AI26-AJ26 -> 34 | AL26: =AG26+AH26+AJ26-AI26 -> 166 | AO26: =+AL26 -> 166 | AP26: 0 | AQ26: 39 | AR26: 0 | AS26: =AQ26-AR26 -> 39 | AT26: =AO26+AP26+AR26-AQ26 -> 127 | AX26: =+AT26 -> 127 | AY26: 100 | AZ26: 43.166666 | BA26: 0 | BB26: =AZ26-BA26 -> 43.166666 | BC26: =AX26+AY26+BA26-AZ26 -> 183.83333 | BE26: =+BC26 -> 183.83333 | BF26: 0 | BG26: 30 | BH26: 0 | BI26: =+BG26-BH26 -> 30 | BK26: =BE26+BF26+BH26-BG26-BJ26 -> 153.83333 | BL26: 0 | BM26: =+BK26+BJ26 -> 153.83333 | BN26: 0 | BO26: 44 | BP26: 0 | BQ26: =BO26-BP26 -> 44 | BS26: =BM26+BN26+BP26-BO26-BR26 -> 109.83333 | BT26: 0 | BU26: =BS26+BR26 -> 109.83333 | BV26: 0 | BW26: 36 | BX26: 0 | BY26: =BW26-BX26 -> 36 | CA26: =BU26+BV26+BX26-BW26-BZ26 -> 73.833334 | CD26: 73.833334 | CE26: =_xlfn.XLOOKUP(B26,[4]Sheet2!$A$5:$A$25,[4]Sheet2!$B$5:$B$25) -> 50 | CF26: =_xlfn.XLOOKUP(B26,[2]Sheet1!$A$4:$A$38,[2]Sheet1!$B$4:$B$38) -> 26 | CG26: 0 | CH26: =CF26-CG26 -> 26 | CJ26: =CD26+CE26+CG26-CF26-CI26 -> 97.833334 | CL26: =CK26+CJ26 -> 97.833334 | CM26: 65 | CN26: 75
A27: CUSTARD POWDER | B27: WKFLD. CUSTARD POWDER VANILLA 20*500GM | C27: 1248 | D27: 3758.4175 | E27: 20 | F27: ='24-25'!CI19 -> 85.7 | G27: 0 | H27: 80 | J27: =F27+G27+I27-H27 -> 5.7 | M27: =J27 -> 5.7 | N27: 150 | O27: 20.15 | P27: 0.15 | Q27: =M27+N27+P27-O27 -> 135.7 | S27: =Q27 -> 135.7 | U27: 74.3 | V27: 8.3 | W27: =S27+T27+V27-U27 -> 69.7 | X27: 50 | Y27: =W27 -> 69.7 | AA27: 60 | AB27: 0 | AC27: =AA27-AB27 -> 60 | AD27: =Y27+Z27+AB27-AA27 -> 9.7 | AE27: 60 | AF27: =+AE27-AC27 -> 0 | AG27: =+AD27 -> 9.7 | AH27: 0 | AI27: 9 | AK27: =AI27-AJ27 -> 9 | AL27: =AG27+AH27+AJ27-AI27 -> 0.7 | AO27: =+AL27 -> 0.7 | AP27: 0 | AQ27: 0 | AR27: 0 | AS27: =AQ27-AR27 -> 0 | AT27: =AO27+AP27+AR27-AQ27 -> 0.7 | AX27: =+AT27 -> 0.7 | AY27: 0 | AZ27: 0 | BA27: 0 | BB27: =AZ27-BA27 -> 0 | BC27: =AX27+AY27+BA27-AZ27 -> 0.7 | BE27: =+BC27 -> 0.7 | BF27: 0 | BG27: 0 | BH27: 0 | BI27: =+BG27-BH27 -> 0 | BK27: =BE27+BF27+BH27-BG27-BJ27 -> 0.7 | BL27: 0 | BM27: =+BK27+BJ27 -> 0.7 | BN27: 0 | BO27: 0 | BP27: 0 | BQ27: =BO27-BP27 -> 0 | BS27: =BM27+BN27+BP27-BO27-BR27 -> 0.7 | BT27: 0 | BU27: =BS27+BR27 -> 0.7 | BV27: 0 | BW27: 0 | BX27: 0 | BY27: =BW27-BX27 -> 0 | CA27: =BU27+BV27+BX27-BW27-BZ27 -> 0.7 | CD27: 0.7 | CE27: 0 | CF27: 0 | CG27: =_xlfn.XLOOKUP(B27,[3]Sheet1!$A$4:$A$22,[3]Sheet1!$B$4:$B$22) -> 1 | CH27: =CF27-CG27 -> -1 | CJ27: =CD27+CE27+CG27-CF27-CI27 -> 1.7 | CL27: =CK27+CJ27 -> 1.7
B28: Custard Powder Total | F28: =SUM(F24:F27) -> 158.68 | G28: =SUM(G24:G27) -> 0 | H28: =SUM(H24:H27) -> 112.15 | I28: =SUM(I24:I27) -> 0 | J28: =SUM(J24:J27) -> 46.53 | K28: =SUM(K24:K27) -> 0 | L28: =SUM(L24:L27) -> 0 | M28: =SUM(M24:M27) -> 46.53 | ... BV28: =SUM(BV24:BV27) -> 0 | BW28: 60 | BX28: 8.0367 | BY28: =SUM(BY24:BY27) -> 51.9633 | BZ28: =SUM(BZ24:BZ27) -> 0 | CA28: =SUM(CA24:CA27) -> 317.07337 | CB28: =SUM(CB24:CB27) -> 0 | CC28: =SUM(CC24:CC27) -> 0 | CD28: =SUM(CD24:CD27) -> 317.07337 | CE28: =SUM(CE24:CE27) -> 75 | CF28: =SUM(CF24:CF27) -> 44 | ... CL28: =SUM(CL24:CL27) -> 362.06667 | CN28: =SUM(CN24:CN27) -> 100
A29: DRINKING CHOCOLATE | B29: WKFLD. DRINKING CHOCOLATE 20*500GM | C29: 2577 | D29: 10101.01 | E29: 20 | F29: ='24-25'!CI21 -> 7.7 | G29: 0 | H29: 7.7 | J29: =F29+G29+I29-H29 -> -6.750156e-14 | M29: =J29 -> -6.750156e-14 | N29: 0 | O29: 8.5 | P29: 8.5 | Q29: =M29+N29+P29-O29 -> -6.750156e-14 | S29: =Q29 -> -6.750156e-14 | U29: 43.7 | V29: 76.55 | W29: =S29+T29+V29-U29 -> 32.85 | Y29: =W29 -> 32.85 | Z29: 0 | AA29: 4 | AB29: 0 | AC29: =AA29-AB29 -> 4 | AD29: =Y29+Z29+AB29-AA29 -> 28.85 | AE29: 0 | AF29: =+AE29-AC29 -> -4 | AG29: =+AD29 -> 28.85 | AH29: 0 | AI29: 15 | AJ29: 3 | AK29: =AI29-AJ29 -> 12 | AL29: =AG29+AH29+AJ29-AI29 -> 16.85 | AO29: =+AL29 -> 16.85 | AP29: 0 | AQ29: 4.8 | AR29: 4.7 | AS29: =AQ29-AR29 -> 0.1 | AT29: =AO29+AP29+AR29-AQ29 -> 16.75 | AX29: =+AT29 -> 16.75 | AY29: 0 | AZ29: 0 | BA29: 0 | BB29: =AZ29-BA29 -> 0 | BC29: =AX29+AY29+BA29-AZ29 -> 16.75 | BE29: =+BC29 -> 16.75 | BF29: 0 | BG29: 9 | BH29: 12 | BI29: =+BG29-BH29 -> -3 | BJ29: 1.75 | BK29: =BE29+BF29+BH29-BG29-BJ29 -> 18 | BL29: 0 | BM29: =+BK29+BJ29 -> 19.75 | BN29: 0 | BO29: 7.7 | BP29: 4.7 | BQ29: =BO29-BP29 -> 3 | BR29: 16.75 | BS29: =BM29+BN29+BP29-BO29-BR29 -> 0 | BT29: 0 | BU29: =BS29+BR29 -> 16.75 | BV29: 0 | BW29: 0 | BX29: 0 | BY29: =BW29-BX29 -> 0 | BZ29: 16.75 | CA29: =BU29+BV29+BX29-BW29-BZ29 -> 0 | CD29: 0 | CE29: =_xlfn.XLOOKUP(B29,[4]Sheet2!$A$5:$A$25,[4]Sheet2!$B$5:$B$25) -> 477 | CF29: =_xlfn.XLOOKUP(B29,[2]Sheet1!$A$4:$A$38,[2]Sheet1!$B$4:$B$38) -> 22 | CG29: 0 | CH29: =CF29-CG29 -> 22 | CI29: 16.75 | CJ29: =CD29+CE29+CG29-CF29-CI29 -> 438.25 | CL29: =CK29+CJ29 -> 438.25 | CM29: 100
A30: DRINKING CHOCOLATE | B30: WKFLD. DRINKING CHOCOLATE 30*500GM | C30: 3450 | D30: =505.050505050505*30 -> 15151.515 | E30: 30 | AT30: =AO30+AP30+AR30-AQ30 -> 0 | AX30: =+AT30 -> 0 | AY30: 600 | AZ30: 79.033333 | BA30: 0 | BB30: =AZ30-BA30 -> 79.033333 | BC30: =AX30+AY30+BA30-AZ30 -> 520.96667 | BE30: =+BC30 -> 520.96667 | BF30: 0 | BG30: 152.1 | BH30: 0 | BI30: =+BG30-BH30 -> 152.1 | BK30: =BE30+BF30+BH30-BG30-BJ30 -> 368.86667 | BL30: 0 | BM30: =+BK30+BJ30 -> 368.86667 | BN30: 0 | BO30: 224.33333 | BP30: 0 | BQ30: =BO30-BP30 -> 224.33333 | BS30: =BM30+BN30+BP30-BO30-BR30 -> 144.53333 | BT30: 0 | BU30: =BS30+BR30 -> 144.53333 | BV30: 0 | BW30: 129.3333 | BX30: 0 | BY30: =BW30-BX30 -> 129.3333 | CA30: =BU30+BV30+BX30-BW30-BZ30 -> 15.200034 | CD30: 15.200034 | CE30: =_xlfn.XLOOKUP(B30,[4]Sheet2!$A$5:$A$25,[4]Sheet2!$B$5:$B$25) -> 500 | CF30: =_xlfn.XLOOKUP(B30,[2]Sheet1!$A$4:$A$38,[2]Sheet1!$B$4:$B$38) -> 105.3334 | CG30: 0 | CH30: =CF30-CG30 -> 105.3334 | CJ30: =CD30+CE30+CG30-CF30-CI30 -> 409.86663 | CL30: =CK30+CJ30 -> 409.86663 | CM30: 100
A31: DRINKING CHOCOLATE | B31: WKFLD. DRINKING CHOCOLATE 20*500GM+100GM | C31: 2577 | D31: 10101.01 | E31: 20 | F31: ='24-25'!CI22 -> 487 | G31: 0 | H31: 68.4 | J31: =F31+G31+I31-H31 -> 418.6 | M31: =J31 -> 418.6 | N31: 0 | O31: =224.2-150 -> 74.2 | P31: 0 | Q31: =M31+N31+P31-O31 -> 344.4 | S31: =Q31 -> 344.4 | U31: 156 | V31: 100 | W31: =S31+T31+V31-U31 -> 288.4 | Y31: =W31 -> 288.4 | Z31: 0 | AA31: 123 | AB31: 0 | AC31: =AA31-AB31 -> 123 | AD31: =Y31+Z31+AB31-AA31 -> 165.4 | AE31: 200 | AF31: =+AE31-AC31 -> 77 | AG31: =+AD31 -> 165.4 | AH31: 0 | AI31: 73 | AK31: =AI31-AJ31 -> 73 | AL31: =AG31+AH31+AJ31-AI31 -> 92.4 | AO31: =+AL31 -> 92.4 | AP31: 0 | AQ31: 129.9 | AR31: 50 | AS31: =AQ31-AR31 -> 79.9 | AT31: =AO31+AP31+AR31-AQ31 -> 12.5 | AX31: =+AT31 -> 12.5 | AY31: 0 | AZ31: 11 | BA31: 0 | BB31: =AZ31-BA31 -> 11 | BC31: =AX31+AY31+BA31-AZ31 -> 1.5 | BE31: =+BC31 -> 1.5 | BF31: 0 | BG31: 1 | BH31: 0 | BI31: =+BG31-BH31 -> 1 | BK31: =BE31+BF31+BH31-BG31-BJ31 -> 0.5 | BL31: 0 | BM31: =+BK31+BJ31 -> 0.5 | BN31: 0 | BO31: 0 | BP31: 0 | BQ31: =BO31-BP31 -> 0 | BS31: =BM31+BN31+BP31-BO31-BR31 -> 0.5 | BT31: 0 | BU31: =BS31+BR31 -> 0.5 | BV31: 0 | BW31: 1.35 | BX31: 9.55 | BY31: =BW31-BX31 -> -8.2 | CA31: =BU31+BV31+BX31-BW31-BZ31 -> 8.7 | CD31: 8.7 | CE31: 0 | CF31: =_xlfn.XLOOKUP(B31,[2]Sheet1!$A$4:$A$38,[2]Sheet1!$B$4:$B$38) -> 8 | CG31: =_xlfn.XLOOKUP(B31,[3]Sheet1!$A$4:$A$22,[3]Sheet1!$B$4:$B$22) -> 1.45 | CH31: =CF31-CG31 -> 6.55 | CJ31: =CD31+CE31+CG31-CF31-CI31 -> 2.15 | CL31: =CK31+CJ31 -> 2.15
A32: DRINKING CHOCOLATE | B32: WKFLD. DRINKING CHOCOLATE 40*200GM | C32: 2469 | D32: 10878.011 | E32: 40 | F32: ='24-25'!CI23 -> 43.48 | G32: 0 | H32: 26.925 | J32: =F32+G32+I32-H32 -> 16.555 | M32: =J32 -> 16.555 | N32: 0 | O32: =18.85-7 -> 11.85 | P32: 2.6 | Q32: =M32+N32+P32-O32 -> 7.305 | S32: =Q32 -> 7.305 | U32: 11.455 | V32: 19.25 | W32: =S32+T32+V32-U32 -> 15.1 | X32: 50 | Y32: =W32 -> 15.1 | Z32: 50 | AA32: 16.5 | AB32: 1 | AC32: =AA32-AB32 -> 15.5 | AD32: =Y32+Z32+AB32-AA32 -> 49.6 | AE32: 40 | AF32: =+AE32-AC32 -> 24.5 | AG32: =+AD32 -> 49.6 | AH32: 0 | AI32: 20 | AK32: =AI32-AJ32 -> 20 | AL32: =AG32+AH32+AJ32-AI32 -> 29.6 | AO32: =+AL32 -> 29.6 | AP32: 20 | AQ32: 16 | AR32: 0 | AS32: =AQ32-AR32 -> 16 | AT32: =AO32+AP32+AR32-AQ32 -> 33.6 | AX32: =+AT32 -> 33.6 | AY32: 0 | AZ32: 9 | BA32: 0 | BB32: =AZ32-BA32 -> 9 | BC32: =AX32+AY32+BA32-AZ32 -> 24.6 | BE32: =+BC32 -> 24.6 | BF32: 0 | BG32: 7 | BH32: 0 | BI32: =+BG32-BH32 -> 7 | BJ32: 14.75 | BK32: =BE32+BF32+BH32-BG32-BJ32 -> 2.85 | BL32: 50 | BM32: =+BK32+BJ32 -> 17.6 | BN32: 0 | BO32: 2.375 | BP32: 0 | BQ32: =BO32-BP32 -> 2.375 | BR32: 14.75 | BS32: =BM32+BN32+BP32-BO32-BR32 -> 0.475 | BU32: =BS32+BR32 -> 15.225 | BV32: 50 | BW32: 32.1 | BX32: 4.975 | BY32: =BW32-BX32 -> 27.125 | BZ32: 14.75 | CA32: =BU32+BV32+BX32-BW32-BZ32 -> 23.35 | CD32: 23.35 | CE32: =_xlfn.XLOOKUP(B32,[4]Sheet2!$A$5:$A$25,[4]Sheet2!$B$5:$B$25) -> 40 | CF32: =_xlfn.XLOOKUP(B32,[2]Sheet1!$A$4:$A$38,[2]Sheet1!$B$4:$B$38) -> 33.275 | CG32: =_xlfn.XLOOKUP(B32,[3]Sheet1!$A$4:$A$22,[3]Sheet1!$B$4:$B$22) -> 1.9 | CH32: =CF32-CG32 -> 31.375 | CI32: 14.75 | CJ32: =CD32+CE32+CG32-CF32-CI32 -> 17.225 | CL32: =CK32+CJ32 -> 17.225 | CM32: 17 | CN32: 20
A33: DRINKING CHOCOLATE | B33: WKFLD. DRINKING CHOCOLATE 96*100GM | C33: 3340 | D33: 18648.019 | E33: 96 | F33: ='24-25'!CI24 -> 30.743383 | G33: 0 | H33: 11 | J33: =F33+G33+I33-H33 -> 19.743383 | M33: =J33 -> 19.743383 | N33: 25 | O33: 7.145833 | P33: 2.1458 | Q33: =M33+N33+P33-O33 -> 39.74335 | S33: =Q33 -> 39.74335 | U33: 42.826634 | V33: 21.2812 | W33: =S33+T33+V33-U33 -> 18.197916 | Y33: =W33 -> 18.197916 | Z33: 0 | AA33: 5 | AB33: 1 | AC33: =AA33-AB33 -> 4 | AD33: =Y33+Z33+AB33-AA33 -> 14.197916 | AE33: 20 | AF33: =+AE33-AC33 -> 16 | AG33: =+AD33 -> 14.197916 | AH33: 40 | AI33: 25 | AK33: =AI33-AJ33 -> 25 | AL33: =AG33+AH33+AJ33-AI33 -> 29.197916 | AO33: =+AL33 -> 29.197916 | AP33: 30 | AQ33: 15 | AR33: 0 | AS33: =AQ33-AR33 -> 15 | AT33: =AO33+AP33+AR33-AQ33 -> 44.197916 | AX33: =+AT33 -> 44.197916 | AY33: 0 | AZ33: 5.03125 | BA33: 0 | BB33: =AZ33-BA33 -> 5.03125 | BC33: =AX33+AY33+BA33-AZ33 -> 39.166666 | BE33: =+BC33 -> 39.166666 | BF33: 0 | BG33: 17 | BH33: 0 | BI33: =+BG33-BH33 -> 17 | BJ33: 0.45 | BK33: =BE33+BF33+BH33-BG33-BJ33 -> 21.716666 | BL33: 25 | BM33: =+BK33+BJ33 -> 22.166666 | BN33: 0 | BO33: 20 | BP33: 5 | BQ33: =BO33-BP33 -> 15 | BR33: 0.45 | BS33: =BM33+BN33+BP33-BO33-BR33 -> 6.716666 | BU33: =BS33+BR33 -> 7.166666 | BV33: 25 | BW33: 17 | BX33: 0.125 | BY33: =BW33-BX33 -> 16.875 | BZ33: 0.45 | CA33: =BU33+BV33+BX33-BW33-BZ33 -> 14.841666 | CD33: 14.841666 | CE33: =_xlfn.XLOOKUP(B33,[4]Sheet2!$A$5:$A$25,[4]Sheet2!$B$5:$B$25) -> 25 | CF33: =_xlfn.XLOOKUP(B33,[2]Sheet1!$A$4:$A$38,[2]Sheet1!$B$4:$B$38) -> 19 | CG33: =_xlfn.XLOOKUP(B33,[3]Sheet1!$A$4:$A$22,[3]Sheet1!$B$4:$B$22) -> 0.6771 | CH33: =CF33-CG33 -> 18.3229 | CI33: 0.45 | CJ33: =CD33+CE33+CG33-CF33-CI33 -> 21.068766 | CL33: =CK33+CJ33 -> 21.068766 | CM33: 15 | CN33: 25
B34: Drinking Chocolate Total | F34: =SUM(F29:F33) -> 568.92338 | G34: =SUM(G29:G33) -> 0 | H34: =SUM(H29:H33) -> 114.025 | I34: =SUM(I29:I33) -> 0 | J34: =SUM(J29:J33) -> 454.89838 | K34: =SUM(K29:K33) -> 0 | L34: =SUM(L29:L33) -> 0 | M34: =SUM(M29:M33) -> 454.89838 | ... BV34: =SUM(BV29:BV33) -> 75 | BW34: 179.7833 | BX34: 14.65 | BY34: =SUM(BY29:BY33) -> 165.1333 | BZ34: =SUM(BZ29:BZ33) -> 31.95 | CA34: =SUM(CA29:CA33) -> 62.0917 | CB34: =SUM(CB29:CB33) -> 0 | CC34: =SUM(CC29:CC33) -> 0 | CD34: =SUM(CD29:CD33) -> 62.0917 | CE34: =SUM(CE29:CE33) -> 1042 | CF34: =SUM(CF29:CF33) -> 187.6084 | ... CL34: =SUM(CL29:CL33) -> 888.5604 | CN34: =SUM(CN29:CN33) -> 45
A35: JELLY CRYSTALS | B35: WKFLD. JELLY CRYSTALS MANGO 100*90GM | C35: 1928 | D35: 6993.007 | E35: 100 | F35: ='24-25'!CI26 -> 0 | G35: 0 | H35: 0 | J35: =F35+G35+I35-H35 -> 0 | M35: =J35 -> 0 | N35: 0 | O35: 0 | P35: 0 | Q35: =M35+N35+P35-O35 -> 0 | S35: =Q35 -> 0 | U35: 0 | V35: 0 | W35: =S35+T35+V35-U35 -> 0 | X35: 15 | Y35: =W35 -> 0 | Z35: 0 | AA35: 0 | AB35: 0 | AC35: =AA35-AB35 -> 0 | AD35: =Y35+Z35+AB35-AA35 -> 0 | AE35: 15 | AF35: =+AE35-AC35 -> 15 | AG35: =+AD35 -> 0 | AH35: 14 | AI35: 10 | AK35: =AI35-AJ35 -> 10 | AL35: =AG35+AH35+AJ35-AI35 -> 4 | AO35: =+AL35 -> 4 | AP35: 0 | AQ35: 0 | AR35: 0 | AS35: =AQ35-AR35 -> 0 | AT35: =AO35+AP35+AR35-AQ35 -> 4 | AX35: =+AT35 -> 4 | AY35: 14 | AZ35: 2 | BA35: 0 | BB35: =AZ35-BA35 -> 2 | BC35: =AX35+AY35+BA35-AZ35 -> 16 | BE35: =+BC35 -> 16 | BF35: 0 | BG35: 6 | BH35: 0 | BI35: =+BG35-BH35 -> 6 | BK35: =BE35+BF35+BH35-BG35-BJ35 -> 10 | BL35: 0 | BM35: =+BK35+BJ35 -> 10 | BN35: 0 | BO35: 3 | BP35: 0 | BQ35: =BO35-BP35 -> 3 | BS35: =BM35+BN35+BP35-BO35-BR35 -> 7 | BT35: 0 | BU35: =BS35+BR35 -> 7 | BV35: 0 | BW35: 3 | BX35: 0 | BY35: =BW35-BX35 -> 3 | CA35: =BU35+BV35+BX35-BW35-BZ35 -> 4 | CD35: 4 | CE35: 0 | CF35: =_xlfn.XLOOKUP(B35,[2]Sheet1!$A$4:$A$38,[2]Sheet1!$B$4:$B$38) -> 1 | CG35: 0 | CH35: =CF35-CG35 -> 1 | CJ35: =CD35+CE35+CG35-CF35-CI35 -> 3 | CL35: =CK35+CJ35 -> 3 | CN35: 15
A36: JELLY CRYSTALS | B36: WKFLD. JELLY CRYSTALS PINEAPPLE 100*90GM | C36: 1928 | D36: 6993.007 | E36: 100 | F36: ='24-25'!CI27 -> 23.69 | G36: 0 | H36: 0 | J36: =F36+G36+I36-H36 -> 23.69 | M36: =J36 -> 23.69 | N36: 0 | O36: 0 | P36: 0 | Q36: =M36+N36+P36-O36 -> 23.69 | S36: =Q36 -> 23.69 | U36: 0 | V36: 0 | W36: =S36+T36+V36-U36 -> 23.69 | Y36: =W36 -> 23.69 | Z36: 0 | AA36: 0 | AB36: 0 | AC36: =AA36-AB36 -> 0 | AD36: =Y36+Z36+AB36-AA36 -> 23.69 | AE36: 0 | AF36: =+AE36-AC36 -> 0 | AG36: =+AD36 -> 23.69 | AH36: 0 | AI36: 0 | AK36: =AI36-AJ36 -> 0 | AL36: =AG36+AH36+AJ36-AI36 -> 23.69 | AO36: =+AL36 -> 23.69 | AP36: 0 | AQ36: 0 | AR36: 0 | AS36: =AQ36-AR36 -> 0 | AT36: =AO36+AP36+AR36-AQ36 -> 23.69 | AX36: =+AT36 -> 23.69 | AY36: 0 | AZ36: 0 | BA36: 0 | BB36: =AZ36-BA36 -> 0 | BC36: =AX36+AY36+BA36-AZ36 -> 23.69 | BE36: =+BC36 -> 23.69 | BF36: 0 | BG36: 0 | BH36: 0 | BI36: =+BG36-BH36 -> 0 | BK36: =BE36+BF36+BH36-BG36-BJ36 -> 23.69 | BL36: 0 | BM36: =+BK36+BJ36 -> 23.69 | BN36: 0 | BO36: 0 | BP36: 0 | BQ36: =BO36-BP36 -> 0 | BS36: =BM36+BN36+BP36-BO36-BR36 -> 23.69 | BT36: 0 | BU36: =BS36+BR36 -> 23.69 | BV36: 0 | BW36: 0 | BX36: 0 | BY36: =BW36-BX36 -> 0 | CA36: =BU36+BV36+BX36-BW36-BZ36 -> 23.69 | CD36: 23.69 | CE36: 0 | CF36: 0 | CG36: 0 | CH36: =CF36-CG36 -> 0 | CJ36: =CD36+CE36+CG36-CF36-CI36 -> 23.69 | CL36: =CK36+CJ36 -> 23.69 | CN36: 15
A37: JELLY CRYSTALS | B37: WKFLD. JELLY CRYSTALS ORANGE 100*90GM | C37: 1928 | D37: 6993.007 | E37: 100 | F37: ='24-25'!CI28 -> 0 | G37: 0 | H37: 0 | J37: =F37+G37+I37-H37 -> 0 | M37: =J37 -> 0 | N37: 0 | O37: 0 | P37: 0 | Q37: =M37+N37+P37-O37 -> 0 | S37: =Q37 -> 0 | U37: 0 | V37: 0 | W37: =S37+T37+V37-U37 -> 0 | Y37: =W37 -> 0 | Z37: 0 | AA37: 0 | AB37: 0 | AC37: =AA37-AB37 -> 0 | AD37: =Y37+Z37+AB37-AA37 -> 0 | AE37: 0 | AF37: =+AE37-AC37 -> 0 | AG37: =+AD37 -> 0 | AH37: 0 | AI37: 0 | AK37: =AI37-AJ37 -> 0 | AL37: =AG37+AH37+AJ37-AI37 -> 0 | AO37: =+AL37 -> 0 | AP37: 0 | AQ37: 0 | AR37: 0 | AS37: =AQ37-AR37 -> 0 | AT37: =AO37+AP37+AR37-AQ37 -> 0 | AX37: =+AT37 -> 0 | AY37: 0 | AZ37: 0 | BA37: 0 | BB37: =AZ37-BA37 -> 0 | BC37: =AX37+AY37+BA37-AZ37 -> 0 | BE37: =+BC37 -> 0 | BF37: 0 | BG37: 0 | BH37: 0 | BI37: =+BG37-BH37 -> 0 | BK37: =BE37+BF37+BH37-BG37-BJ37 -> 0 | BL37: 0 | BM37: =+BK37+BJ37 -> 0 | BN37: 0 | BO37: 0 | BP37: 0 | BQ37: =BO37-BP37 -> 0 | BS37: =BM37+BN37+BP37-BO37-BR37 -> 0 | BT37: 0 | BU37: =BS37+BR37 -> 0 | BV37: 0 | BW37: 0 | BX37: 0 | BY37: =BW37-BX37 -> 0 | CA37: =BU37+BV37+BX37-BW37-BZ37 -> 0 | CD37: 0 | CE37: 0 | CF37: 0 | CG37: 0 | CH37: =CF37-CG37 -> 0 | CJ37: =CD37+CE37+CG37-CF37-CI37 -> 0 | CL37: =CK37+CJ37 -> 0 | CN37: 15
A38: JELLY CRYSTALS | B38: WKFLD. JELLY CRYSTALS RASPBERRY 100*90GM | C38: 1928 | D38: 6993.007 | E38: 100 | F38: ='24-25'!CI29 -> 19 | G38: 0 | H38: 4 | J38: =F38+G38+I38-H38 -> 15 | M38: =J38 -> 15 | N38: 0 | O38: =15-10 -> 5 | P38: 0 | Q38: =M38+N38+P38-O38 -> 10 | S38: =Q38 -> 10 | U38: 10 | V38: 0 | W38: =S38+T38+V38-U38 -> 0 | X38: 15 | Y38: =W38 -> 0 | Z38: 0 | AA38: 0 | AB38: 0 | AC38: =AA38-AB38 -> 0 | AD38: =Y38+Z38+AB38-AA38 -> 0 | AE38: 15 | AF38: =+AE38-AC38 -> 15 | AG38: =+AD38 -> 0 | AH38: 14 | AI38: 9 | AK38: =AI38-AJ38 -> 9 | AL38: =AG38+AH38+AJ38-AI38 -> 5 | AO38: =+AL38 -> 5 | AP38: 0 | AQ38: 0 | AR38: 0 | AS38: =AQ38-AR38 -> 0 | AT38: =AO38+AP38+AR38-AQ38 -> 5 | AX38: =+AT38 -> 5 | AY38: 13 | AZ38: 2 | BA38: 0 | BB38: =AZ38-BA38 -> 2 | BC38: =AX38+AY38+BA38-AZ38 -> 16 | BE38: =+BC38 -> 16 | BF38: 0 | BG38: 4 | BH38: 0 | BI38: =+BG38-BH38 -> 4 | BK38: =BE38+BF38+BH38-BG38-BJ38 -> 12 | BL38: 0 | BM38: =+BK38+BJ38 -> 12 | BN38: 0 | BO38: 5 | BP38: 0 | BQ38: =BO38-BP38 -> 5 | BS38: =BM38+BN38+BP38-BO38-BR38 -> 7 | BT38: 0 | BU38: =BS38+BR38 -> 7 | BV38: 0 | BW38: 3 | BX38: 0 | BY38: =BW38-BX38 -> 3 | CA38: =BU38+BV38+BX38-BW38-BZ38 -> 4 | CD38: 4 | CE38: 0 | CF38: =_xlfn.XLOOKUP(B38,[2]Sheet1!$A$4:$A$38,[2]Sheet1!$B$4:$B$38) -> 2 | CG38: 0 | CH38: =CF38-CG38 -> 2 | CJ38: =CD38+CE38+CG38-CF38-CI38 -> 2 | CL38: =CK38+CJ38 -> 2 | CN38: 15
A39: JELLY CRYSTALS | B39: WKFLD. JELLY CRYSTALS STRAWBERRY 100*90GM | C39: 1928 | D39: 6993.007 | E39: 100 | F39: ='24-25'!CI30 -> 16.71 | G39: 0 | H39: 3 | J39: =F39+G39+I39-H39 -> 13.71 | M39: =J39 -> 13.71 | N39: 0 | O39: =13-8 -> 5 | P39: 0 | Q39: =M39+N39+P39-O39 -> 8.71 | S39: =Q39 -> 8.71 | U39: 8 | V39: 0 | W39: =S39+T39+V39-U39 -> 0.71 | X39: 15 | Y39: =W39 -> 0.71 | Z39: 0 | AA39: 0 | AB39: 0 | AC39: =AA39-AB39 -> 0 | AD39: =Y39+Z39+AB39-AA39 -> 0.71 | AE39: 15 | AF39: =+AE39-AC39 -> 15 | AG39: =+AD39 -> 0.71 | AH39: 14 | AI39: 9 | AK39: =AI39-AJ39 -> 9 | AL39: =AG39+AH39+AJ39-AI39 -> 5.71 | AO39: =+AL39 -> 5.71 | AP39: 0 | AQ39: 0 | AR39: 0 | AS39: =AQ39-AR39 -> 0 | AT39: =AO39+AP39+AR39-AQ39 -> 5.71 | AX39: =+AT39 -> 5.71 | AY39: 14 | AZ39: 3.01 | BA39: 0 | BB39: =AZ39-BA39 -> 3.01 | BC39: =AX39+AY39+BA39-AZ39 -> 16.7 | BE39: =+BC39 -> 16.7 | BF39: 0 | BG39: 4 | BH39: 0 | BI39: =+BG39-BH39 -> 4 | BK39: =BE39+BF39+BH39-BG39-BJ39 -> 12.7 | BL39: 0 | BM39: =+BK39+BJ39 -> 12.7 | BN39: 0 | BO39: 5 | BP39: 0 | BQ39: =BO39-BP39 -> 5 | BS39: =BM39+BN39+BP39-BO39-BR39 -> 7.7 | BT39: 0 | BU39: =BS39+BR39 -> 7.7 | BV39: 0 | BW39: 4 | BX39: 0 | BY39: =BW39-BX39 -> 4 | CA39: =BU39+BV39+BX39-BW39-BZ39 -> 3.7 | CD39: 3.7 | CE39: 0 | CF39: =_xlfn.XLOOKUP(B39,[2]Sheet1!$A$4:$A$38,[2]Sheet1!$B$4:$B$38) -> 3 | CG39: 0 | CH39: =CF39-CG39 -> 3 | CJ39: =CD39+CE39+CG39-CF39-CI39 -> 0.7 | CL39: =CK39+CJ39 -> 0.7 | CN39: 15
B40: Jelly Crystals Total | F40: =SUM(F35:F39) -> 59.4 | G40: =SUM(G35:G39) -> 0 | H40: =SUM(H35:H39) -> 7 | I40: =SUM(I35:I39) -> 0 | J40: =SUM(J35:J39) -> 52.4 | K40: =SUM(K35:K39) -> 0 | L40: =SUM(L35:L39) -> 0 | M40: =SUM(M35:M39) -> 52.4 | ... BV40: =SUM(BV35:BV39) -> 0 | BW40: 10 | BX40: 0 | BY40: =SUM(BY35:BY39) -> 10 | BZ40: =SUM(BZ35:BZ39) -> 0 | CA40: =SUM(CA35:CA39) -> 35.39 | CB40: =SUM(CB35:CB39) -> 0 | CC40: =SUM(CC35:CC39) -> 0 | CD40: =SUM(CD35:CD39) -> 35.39 | CE40: =SUM(CE35:CE39) -> 0 | CF40: =SUM(CF35:CF39) -> 6 | ... CL40: =SUM(CL35:CL39) -> 29.39 | CN40: =SUM(CN35:CN39) -> 75
A41: MUSTARD POWDER | B41: WKFLD. MUSTARD POWDER 20*500GM | C41: 2454 | D41: 7614.6076 | E41: 20 | F41: ='24-25'!CI32 -> 38.4 | G41: 0 | H41: 20 | J41: =F41+G41+I41-H41 -> 18.4 | M41: =J41 -> 18.4 | N41: 25 | O41: 13.95 | P41: 3.95 | Q41: =M41+N41+P41-O41 -> 33.4 | S41: =Q41 -> 33.4 | U41: 2.05 | V41: 2.05 | W41: =S41+T41+V41-U41 -> 33.4 | Y41: =W41 -> 33.4 | Z41: 0 | AA41: 9 | AB41: 0 | AC41: =AA41-AB41 -> 9 | AD41: =Y41+Z41+AB41-AA41 -> 24.4 | AE41: 0 | AF41: =+AE41-AC41 -> -9 | AG41: =+AD41 -> 24.4 | AH41: 0 | AI41: 8 | AK41: =AI41-AJ41 -> 8 | AL41: =AG41+AH41+AJ41-AI41 -> 16.4 | AO41: =+AL41 -> 16.4 | AP41: 0 | AQ41: 0 | AR41: 0 | AS41: =AQ41-AR41 -> 0 | AT41: =AO41+AP41+AR41-AQ41 -> 16.4 | AX41: =+AT41 -> 16.4 | AY41: 0 | AZ41: 1 | BA41: 0 | BB41: =AZ41-BA41 -> 1 | BC41: =AX41+AY41+BA41-AZ41 -> 15.4 | BE41: =+BC41 -> 15.4 | BF41: 0 | BG41: 4 | BH41: 3 | BI41: =+BG41-BH41 -> 1 | BK41: =BE41+BF41+BH41-BG41-BJ41 -> 14.4 | BL41: 0 | BM41: =+BK41+BJ41 -> 14.4 | BN41: 0 | BO41: 5 | BP41: 0 | BQ41: =BO41-BP41 -> 5 | BS41: =BM41+BN41+BP41-BO41-BR41 -> 9.4 | BT41: 0 | BU41: =BS41+BR41 -> 9.4 | BV41: 0 | BW41: 0 | BX41: 2.45 | BY41: =BW41-BX41 -> -2.45 | CA41: =BU41+BV41+BX41-BW41-BZ41 -> 11.85 | CD41: 11.85 | CE41: =_xlfn.XLOOKUP(B41,[4]Sheet2!$A$5:$A$25,[4]Sheet2!$B$5:$B$25) -> 20 | CF41: =_xlfn.XLOOKUP(B41,[2]Sheet1!$A$4:$A$38,[2]Sheet1!$B$4:$B$38) -> 16 | CG41: 0 | CH41: =CF41-CG41 -> 16 | CJ41: =CD41+CE41+CG41-CF41-CI41 -> 15.85 | CL41: =CK41+CJ41 -> 15.85
A42: MUSTARD POWDER | B42: WKFLD. MUSTARD POWDER 50*100GM | C42: 1618 | D42: 5633.2556 | E42: 50 | F42: ='24-25'!CI33 -> 61.08 | G42: 0 | H42: 1 | J42: =F42+G42+I42-H42 -> 60.08 | M42: =J42 -> 60.08 | N42: 0 | O42: 0.56 | P42: 0.56 | Q42: =M42+N42+P42-O42 -> 60.08 | S42: =Q42 -> 60.08 | U42: 0 | V42: 0 | W42: =S42+T42+V42-U42 -> 60.08 | Y42: =W42 -> 60.08 | Z42: 0 | AA42: 0 | AB42: 0 | AC42: =AA42-AB42 -> 0 | AD42: =Y42+Z42+AB42-AA42 -> 60.08 | AE42: 0 | AF42: =+AE42-AC42 -> 0 | AG42: =+AD42 -> 60.08 | AH42: 0 | AI42: 0 | AK42: =AI42-AJ42 -> 0 | AL42: =AG42+AH42+AJ42-AI42 -> 60.08 | AO42: =+AL42 -> 60.08 | AP42: 0 | AQ42: 0 | AR42: 0 | AS42: =AQ42-AR42 -> 0 | AT42: =AO42+AP42+AR42-AQ42 -> 60.08 | AX42: =+AT42 -> 60.08 | AY42: 0 | AZ42: 0 | BA42: 0 | BB42: =AZ42-BA42 -> 0 | BC42: =AX42+AY42+BA42-AZ42 -> 60.08 | BE42: =+BC42 -> 60.08 | BF42: 0 | BG42: 0 | BH42: 0 | BI42: =+BG42-BH42 -> 0 | BK42: =BE42+BF42+BH42-BG42-BJ42 -> 60.08 | BL42: 0 | BM42: =+BK42+BJ42 -> 60.08 | BN42: 0 | BO42: 0 | BP42: 0 | BQ42: =BO42-BP42 -> 0 | BS42: =BM42+BN42+BP42-BO42-BR42 -> 60.08 | BT42: 0 | BU42: =BS42+BR42 -> 60.08 | BV42: 0 | BW42: 0 | BX42: 1.76 | BY42: =BW42-BX42 -> -1.76 | CA42: =BU42+BV42+BX42-BW42-BZ42 -> 61.84 | CD42: 61.84 | CE42: =_xlfn.XLOOKUP(B42,[4]Sheet2!$A$5:$A$25,[4]Sheet2!$B$5:$B$25) -> 10 | CF42: =_xlfn.XLOOKUP(B42,[2]Sheet1!$A$4:$A$38,[2]Sheet1!$B$4:$B$38) -> 1 | CG42: 0 | CH42: =CF42-CG42 -> 1 | CJ42: =CD42+CE42+CG42-CF42-CI42 -> 70.84 | CL42: =CK42+CJ42 -> 70.84
B43: Mustard Powder Total | F43: =SUM(F41:F42) -> 99.48 | G43: =SUM(G41:G42) -> 0 | H43: =SUM(H41:H42) -> 21 | I43: =SUM(I41:I42) -> 0 | J43: =SUM(J41:J42) -> 78.48 | K43: =SUM(K41:K42) -> 0 | L43: =SUM(L41:L42) -> 0 | M43: =SUM(M41:M42) -> 78.48 | ... BV43: =SUM(BV41:BV42) -> 0 | BW43: 0 | BX43: 4.21 | BY43: =SUM(BY41:BY42) -> -4.21 | BZ43: =SUM(BZ41:BZ42) -> 0 | CA43: =SUM(CA41:CA42) -> 73.69 | CB43: =SUM(CB41:CB42) -> 0 | CC43: =SUM(CC41:CC42) -> 0 | CD43: =SUM(CD41:CD42) -> 73.69 | CE43: =SUM(CE41:CE42) -> 30 | CF43: =SUM(CF41:CF42) -> 17 | ... CL43: =SUM(CL41:CL42) -> 86.69 | CN43: =SUM(CN41:CN42) -> 0
A44: SAUCE | B44: WKFLD. MUSTARD SAUCE 24*225GM | C44: 1320 | D44: 4755.2448 | E44: 24 | F44: ='24-25'!CI35 -> 4.96 | G44: 0 | H44: 4 | J44: =F44+G44+I44-H44 -> 0.96 | M44: =J44 -> 0.96 | N44: 0 | O44: 0 | P44: 0 | Q44: =M44+N44+P44-O44 -> 0.96 | R44: =15+25 -> 40 | S44: =Q44 -> 0.96 | T44: 40 | U44: 10.001667 | V44: 0 | W44: =S44+T44+V44-U44 -> 30.958333 | X44: 10 | Y44: =W44 -> 30.958333 | Z44: 10 | AA44: 6.208333 | AB44: 0 | AC44: =AA44-AB44 -> 6.208333 | AD44: =Y44+Z44+AB44-AA44 -> 34.75 | AE44: 5 | AF44: =+AE44-AC44 -> -1.208333 | AG44: =+AD44 -> 34.75 | AH44: 0 | AI44: 29 | AK44: =AI44-AJ44 -> 29 | AL44: =AG44+AH44+AJ44-AI44 -> 5.75 | AO44: =+AL44 -> 5.75 | AP44: 0 | AQ44: 0 | AR44: 0 | AS44: =AQ44-AR44 -> 0 | AT44: =AO44+AP44+AR44-AQ44 -> 5.75 | AX44: =+AT44 -> 5.75 | AY44: 0 | AZ44: 1 | BA44: 0 | BB44: =AZ44-BA44 -> 1 | BC44: =AX44+AY44+BA44-AZ44 -> 4.75 | BE44: =+BC44 -> 4.75 | BF44: 0 | BG44: 4 | BH44: 0 | BI44: =+BG44-BH44 -> 4 | BK44: =BE44+BF44+BH44-BG44-BJ44 -> 0.75 | BL44: 25 | BM44: =+BK44+BJ44 -> 0.75 | BN44: 0 | BO44: 3 | BP44: 3 | BQ44: =BO44-BP44 -> 0 | BS44: =BM44+BN44+BP44-BO44-BR44 -> 0.75 | BT44: 25 | BU44: =BS44+BR44 -> 0.75 | BV44: 0 | BW44: 0 | BX44: 0 | BY44: =BW44-BX44 -> 0 | CA44: =BU44+BV44+BX44-BW44-BZ44 -> 0.75 | CD44: 0.75 | CE44: 0 | CF44: 0 | CG44: 0 | CH44: =CF44-CG44 -> 0 | CJ44: =CD44+CE44+CG44-CF44-CI44 -> 0.75 | CL44: =CK44+CJ44 -> 0.75
A45: SAUCE | B45: WKFLD. PEPRICO SAUCE 90GM*36 | C45: 2628 | D45: 9370.6294 | E45: 36 | F45: ='24-25'!CI36 -> 20.442233 | G45: 0 | H45: 17 | J45: =F45+G45+I45-H45 -> 3.442233 | M45: =J45 -> 3.442233 | N45: 0 | O45: 0.027777 | P45: 0 | Q45: =M45+N45+P45-O45 -> 3.414456 | R45: 45 | S45: =Q45 -> 3.414456 | T45: 45 | U45: 5.99779 | V45: 0 | W45: =S45+T45+V45-U45 -> 42.416666 | X45: 20 | Y45: =W45 -> 42.416666 | Z45: 20 | AA45: =35.083333-30 -> 5.083333 | AB45: 0 | AC45: =AA45-AB45 -> 5.083333 | AD45: =Y45+Z45+AB45-AA45 -> 57.333333 | AE45: 5 | AF45: =+AE45-AC45 -> -0.083333 | AG45: =+AD45 -> 57.333333 | AH45: 0 | AI45: 17 | AK45: =AI45-AJ45 -> 17 | AL45: =AG45+AH45+AJ45-AI45 -> 40.333333 | AO45: =+AL45 -> 40.333333 | AP45: 0 | AQ45: 0 | AR45: 0 | AS45: =AQ45-AR45 -> 0 | AT45: =AO45+AP45+AR45-AQ45 -> 40.333333 | AX45: =+AT45 -> 40.333333 | AY45: 0 | AZ45: 1 | BA45: 0 | BB45: =AZ45-BA45 -> 1 | BC45: =AX45+AY45+BA45-AZ45 -> 39.333333 | BE45: =+BC45 -> 39.333333 | BF45: 0 | BG45: 2 | BH45: 1 | BI45: =+BG45-BH45 -> 1 | BK45: =BE45+BF45+BH45-BG45-BJ45 -> 38.333333 | BL45: 0 | BM45: =+BK45+BJ45 -> 38.333333 | BN45: 0 | BO45: 7 | BP45: 1.8889 | BQ45: =BO45-BP45 -> 5.1111 | BS45: =BM45+BN45+BP45-BO45-BR45 -> 33.222233 | BT45: 0 | BU45: =BS45+BR45 -> 33.222233 | BV45: 0 | BW45: 10 | BX45: 0 | BY45: =BW45-BX45 -> 10 | CA45: =BU45+BV45+BX45-BW45-BZ45 -> 23.222233 | CD45: 23.222233 | CE45: 0 | CF45: 0 | CG45: 0 | CH45: =CF45-CG45 -> 0 | CJ45: =CD45+CE45+CG45-CF45-CI45 -> 23.222233 | CL45: =CK45+CJ45 -> 23.222233
B46: Sauce Total | F46: =SUM(F44:F45) -> 25.402233 | G46: =SUM(G44:G45) -> 0 | H46: =SUM(H44:H45) -> 21 | I46: =SUM(I44:I45) -> 0 | J46: =SUM(J44:J45) -> 4.402233 | K46: =SUM(K44:K45) -> 0 | L46: =SUM(L44:L45) -> 0 | M46: =SUM(M44:M45) -> 4.402233 | ... BV46: =SUM(BV44:BV45) -> 0 | BW46: 10 | BX46: 0 | BY46: =SUM(BY44:BY45) -> 10 | BZ46: =SUM(BZ44:BZ45) -> 0 | CA46: =SUM(CA44:CA45) -> 23.972233 | CB46: =SUM(CB44:CB45) -> 0 | CC46: =SUM(CC44:CC45) -> 0 | CD46: =SUM(CD44:CD45) -> 23.972233 | CE46: =SUM(CE44:CE45) -> 0 | CF46: =SUM(CF44:CF45) -> 0 | ... CL46: =SUM(CL44:CL45) -> 23.972233 | CN46: =SUM(CN44:CN45) -> 0
A47: PEANUT BUTTER | B47: WKFLD.PEANUT BUTTER CREAMY 24*340GM | C47: 1488 | D47: 4675.3247 | E47: 24 | F47: ='24-25'!CI38 -> 60.754966 | G47: 0 | H47: 21.625 | I47: 8.7083 | J47: =F47+G47+I47-H47 -> 47.838266 | M47: =J47 -> 47.838266 | N47: 0 | O47: 35.5 | P47: 10.5 | Q47: =M47+N47+P47-O47 -> 22.838266 | S47: =Q47 -> 22.838266 | U47: 12.629933 | V47: 3.625 | W47: =S47+T47+V47-U47 -> 13.833333 | Y47: =W47 -> 13.833333 | Z47: 0 | AA47: 16.833333 | AB47: 3 | AC47: =AA47-AB47 -> 13.833333 | AD47: =Y47+Z47+AB47-AA47 -> 0 | AE47: 0 | AF47: =+AE47-AC47 -> -13.833333 | AG47: =+AD47 -> 0 | AH47: 0 | AI47: 0 | AK47: =AI47-AJ47 -> 0 | AL47: =AG47+AH47+AJ47-AI47 -> 0 | AO47: =+AL47 -> 0 | AP47: 100 | AQ47: 82.708333 | AR47: 0.5 | AS47: =AQ47-AR47 -> 82.208333 | AT47: =AO47+AP47+AR47-AQ47 -> 17.791667 | AX47: =+AT47 -> 17.791667 | AY47: 100 | AZ47: 47.791666 | BA47: 0 | BB47: =AZ47-BA47 -> 47.791666 | BC47: =AX47+AY47+BA47-AZ47 -> 70.000001 | BE47: =+BC47 -> 70.000001 | BF47: 0 | BG47: 48.25 | BH47: 0 | BI47: =+BG47-BH47 -> 48.25 | BK47: =BE47+BF47+BH47-BG47-BJ47 -> 21.750001 | BL47: 150 | BM47: =+BK47+BJ47 -> 21.750001 | BN47: 0 | BO47: 21 | BP47: 0 | BQ47: =BO47-BP47 -> 21 | BS47: =BM47+BN47+BP47-BO47-BR47 -> 0.750001 | BU47: =BS47+BR47 -> 0.750001 | BV47: 150 | BW47: 55 | BX47: 10.75 | BY47: =BW47-BX47 -> 44.25 | CA47: =BU47+BV47+BX47-BW47-BZ47 -> 106.5 | CD47: 106.5 | CE47: 0 | CF47: =_xlfn.XLOOKUP(B47,[2]Sheet1!$A$4:$A$38,[2]Sheet1!$B$4:$B$38) -> 27 | CG47: 0 | CH47: =CF47-CG47 -> 27 | CJ47: =CD47+CE47+CG47-CF47-CI47 -> 79.500001 | CL47: =CK47+CJ47 -> 79.500001 | CM47: 25 | CN47: 50
A48: PEANUT BUTTER | B48: WKFLD.PEANUT BUTTER CRUNCHY 24*340GM | C48: 1488 | D48: 4675.3247 | E48: 24 | F48: ='24-25'!CI39 -> 125.3784 | G48: 0 | H48: 22.625 | I48: 7.7083 | J48: =F48+G48+I48-H48 -> 110.4617 | M48: =J48 -> 110.4617 | N48: 0 | O48: 100.04167 | P48: 13.0417 | Q48: =M48+N48+P48-O48 -> 23.461734 | S48: =Q48 -> 23.461734 | U48: 0.003401 | V48: 0 | W48: =S48+T48+V48-U48 -> 23.458333 | Y48: =W48 -> 23.458333 | Z48: 0 | AA48: 27.25 | AB48: 3.7917 | AC48: =AA48-AB48 -> 23.4583 | AD48: =Y48+Z48+AB48-AA48 -> 3.3e-05 | AE48: 0 | AF48: =+AE48-AC48 -> -23.4583 | AG48: =+AD48 -> 3.3e-05 | AH48: 0 | AI48: 0 | AK48: =AI48-AJ48 -> 0 | AL48: =AG48+AH48+AJ48-AI48 -> 3.3e-05 | AO48: =+AL48 -> 3.3e-05 | AP48: 100 | AQ48: 86.625 | AR48: 0.4167 | AS48: =AQ48-AR48 -> 86.2083 | AT48: =AO48+AP48+AR48-AQ48 -> 13.791733 | AX48: =+AT48 -> 13.791733 | AY48: 100 | AZ48: 38.791666 | BA48: 0 | BB48: =AZ48-BA48 -> 38.791666 | BC48: =AX48+AY48+BA48-AZ48 -> 75.000067 | BE48: =+BC48 -> 75.000067 | BF48: 0 | BG48: 51.125 | BH48: 0 | BI48: =+BG48-BH48 -> 51.125 | BK48: =BE48+BF48+BH48-BG48-BJ48 -> 23.875067 | BL48: 150 | BM48: =+BK48+BJ48 -> 23.875067 | BN48: 0 | BO48: 23 | BP48: 0 | BQ48: =BO48-BP48 -> 23 | BS48: =BM48+BN48+BP48-BO48-BR48 -> 0.875067 | BU48: =BS48+BR48 -> 0.875067 | BV48: 150 | BW48: 59 | BX48: 10.875 | BY48: =BW48-BX48 -> 48.125 | CA48: =BU48+BV48+BX48-BW48-BZ48 -> 102.75007 | CD48: 102.75007 | CE48: 0 | CF48: =_xlfn.XLOOKUP(B48,[2]Sheet1!$A$4:$A$38,[2]Sheet1!$B$4:$B$38) -> 27 | CG48: 0 | CH48: =CF48-CG48 -> 27 | CJ48: =CD48+CE48+CG48-CF48-CI48 -> 75.750067 | CL48: =CK48+CJ48 -> 75.750067 | CM48: 25 | CN48: 50
A49: PEANUT BUTTER | B49: WKFLD.PEANUT BUTTER CREAMY 24*510GM | C49: 1920 | D49: 6464.7273 | E49: 24 | F49: ='24-25'!CI40 -> 46.835033 | G49: 0 | H49: 22 | I49: 4.7917 | J49: =F49+G49+I49-H49 -> 29.626733 | M49: =J49 -> 29.626733 | N49: 0 | O49: 23.833333 | P49: 18.75 | Q49: =M49+N49+P49-O49 -> 24.5434 | S49: =Q49 -> 24.5434 | U49: 12.210067 | V49: 12 | W49: =S49+T49+V49-U49 -> 24.333333 | X49: 50 | Y49: =W49 -> 24.333333 | Z49: 50 | AA49: 4 | AB49: 0 | AC49: =AA49-AB49 -> 4 | AD49: =Y49+Z49+AB49-AA49 -> 70.333333 | AE49: 50 | AF49: =+AE49-AC49 -> 46 | AG49: =+AD49 -> 70.333333 | AH49: 0 | AI49: 13.5 | AK49: =AI49-AJ49 -> 13.5 | AL49: =AG49+AH49+AJ49-AI49 -> 56.833333 | AO49: =+AL49 -> 56.833333 | AP49: 0 | AQ49: 10.583333 | AR49: 1.5833 | AS49: =AQ49-AR49 -> 9.000033 | AT49: =AO49+AP49+AR49-AQ49 -> 47.8333 | AX49: =+AT49 -> 47.8333 | AY49: 50 | AZ49: 27 | BA49: 0 | BB49: =AZ49-BA49 -> 27 | BC49: =AX49+AY49+BA49-AZ49 -> 70.8333 | BE49: =+BC49 -> 70.8333 | BF49: 0 | BG49: 14.125 | BH49: 0 | BI49: =+BG49-BH49 -> 14.125 | BK49: =BE49+BF49+BH49-BG49-BJ49 -> 56.7083 | BL49: 50 | BM49: =+BK49+BJ49 -> 56.7083 | BN49: 0 | BO49: 22 | BP49: 0 | BQ49: =BO49-BP49 -> 22 | BS49: =BM49+BN49+BP49-BO49-BR49 -> 34.7083 | BU49: =BS49+BR49 -> 34.7083 | BV49: 40 | BW49: 23.0417 | BX49: 3 | BY49: =BW49-BX49 -> 20.0417 | CA49: =BU49+BV49+BX49-BW49-BZ49 -> 54.6666 | CB49: 10 | CD49: 54.6666 | CE49: 0 | CF49: =_xlfn.XLOOKUP(B49,[2]Sheet1!$A$4:$A$38,[2]Sheet1!$B$4:$B$38) -> 16 | CG49: =_xlfn.XLOOKUP(B49,[3]Sheet1!$A$4:$A$22,[3]Sheet1!$B$4:$B$22) -> 8.875 | CH49: =CF49-CG49 -> 7.125 | CJ49: =CD49+CE49+CG49-CF49-CI49 -> 47.5416 | CL49: =CK49+CJ49 -> 47.5416 | CM49: 25 | CN49: 50
A50: PEANUT BUTTER | B50: WKFLD.PEANUT BUTTER CRUNCHY 24*510GM | C50: 1920 | D50: 6464.7273 | E50: 24 | F50: ='24-25'!CI41 -> 73.875066 | G50: 0 | H50: 22 | I50: 3.3333 | J50: =F50+G50+I50-H50 -> 55.208366 | M50: =J50 -> 55.208366 | N50: 0 | O50: 26.458333 | P50: 17.375 | Q50: =M50+N50+P50-O50 -> 46.125033 | S50: =Q50 -> 46.125033 | U50: 13 | V50: 3.4583 | W50: =S50+T50+V50-U50 -> 36.583333 | X50: 50 | Y50: =W50 -> 36.583333 | Z50: 50 | AA50: 16 | AB50: 0 | AC50: =AA50-AB50 -> 16 | AD50: =Y50+Z50+AB50-AA50 -> 70.583333 | AE50: 50 | AF50: =+AE50-AC50 -> 34 | AG50: =+AD50 -> 70.583333 | AH50: 0 | AI50: 21.208333 | AK50: =AI50-AJ50 -> 21.208333 | AL50: =AG50+AH50+AJ50-AI50 -> 49.375 | AO50: =+AL50 -> 49.375 | AP50: 0 | AQ50: 10.208333 | AR50: 1.2083 | AS50: =AQ50-AR50 -> 9.000033 | AT50: =AO50+AP50+AR50-AQ50 -> 40.374967 | AX50: =+AT50 -> 40.374967 | AY50: 50 | AZ50: 10 | BA50: 0 | BB50: =AZ50-BA50 -> 10 | BC50: =AX50+AY50+BA50-AZ50 -> 80.374967 | BE50: =+BC50 -> 80.374967 | BF50: 0 | BG50: 12.041666 | BH50: 0 | BI50: =+BG50-BH50 -> 12.041666 | BK50: =BE50+BF50+BH50-BG50-BJ50 -> 68.333301 | BL50: 50 | BM50: =+BK50+BJ50 -> 68.333301 | BN50: 0 | BO50: 21 | BP50: 0 | BQ50: =BO50-BP50 -> 21 | BS50: =BM50+BN50+BP50-BO50-BR50 -> 47.333301 | BU50: =BS50+BR50 -> 47.333301 | BV50: 40 | BW50: 23.0417 | BX50: 2.1667 | BY50: =BW50-BX50 -> 20.875 | CA50: =BU50+BV50+BX50-BW50-BZ50 -> 66.458301 | CB50: 10 | CD50: 66.458301 | CE50: 0 | CF50: =_xlfn.XLOOKUP(B50,[2]Sheet1!$A$4:$A$38,[2]Sheet1!$B$4:$B$38) -> 12.9999 | CG50: =_xlfn.XLOOKUP(B50,[3]Sheet1!$A$4:$A$22,[3]Sheet1!$B$4:$B$22) -> 3.2083 | CH50: =CF50-CG50 -> 9.7916 | CJ50: =CD50+CE50+CG50-CF50-CI50 -> 56.666701 | CL50: =CK50+CJ50 -> 56.666701 | CM50: 25 | CN50: 50
A51: PEANUT BUTTER | B51: WKFLD.PEANUT BUTTER CREAMY 36*225GM | C51: 1725 | D51: 5714.2857 | E51: 36 | BB51: =AZ51-BA51 -> 0 | BC51: =AX51+AY51+BA51-AZ51 -> 0 | BD51: 200 | BE51: =+BC51 -> 0 | BF51: 200 | BG51: 25 | BH51: 0 | BI51: =+BG51-BH51 -> 25 | BK51: =BE51+BF51+BH51-BG51-BJ51 -> 175 | BL51: =_xlfn.XLOOKUP(B51,'[5]Product List'!$A:$A,'[5]Product List'!$B:$B,0) -> 0 | BM51: =+BK51+BJ51 -> 175 | BN51: 0 | BO51: 30 | BP51: 0 | BQ51: =BO51-BP51 -> 30 | BS51: =BM51+BN51+BP51-BO51-BR51 -> 145 | BT51: =_xlfn.XLOOKUP(J51,'[5]Product List'!$A:$A,'[5]Product List'!$B:$B,0) -> 0 | BU51: =BS51+BR51 -> 145 | BV51: 0 | BW51: 6 | BX51: 0 | BY51: =BW51-BX51 -> 6 | CA51: =BU51+BV51+BX51-BW51-BZ51 -> 139 | CD51: 139 | CE51: 0 | CF51: =_xlfn.XLOOKUP(B51,[2]Sheet1!$A$4:$A$38,[2]Sheet1!$B$4:$B$38) -> 8 | CG51: 0 | CH51: =CF51-CG51 -> 8 | CJ51: =CD51+CE51+CG51-CF51-CI51 -> 131 | CL51: =CK51+CJ51 -> 131 | CM51: 10
A52: PEANUT BUTTER | B52: WKFLD.PEANUT BUTTER CRUNCHY 36*225GM | C52: 1725 | D52: 5714.2857 | E52: 36 | BB52: =AZ52-BA52 -> 0 | BC52: =AX52+AY52+BA52-AZ52 -> 0 | BD52: 200 | BE52: =+BC52 -> 0 | BF52: 200 | BG52: 25.083333 | BH52: 0 | BI52: =+BG52-BH52 -> 25.083333 | BK52: =BE52+BF52+BH52-BG52-BJ52 -> 174.91667 | BL52: =_xlfn.XLOOKUP(B52,'[5]Product List'!$A:$A,'[5]Product List'!$B:$B,0) -> 0 | BM52: =+BK52+BJ52 -> 174.91667 | BN52: 0 | BO52: 31 | BP52: 0 | BQ52: =BO52-BP52 -> 31 | BS52: =BM52+BN52+BP52-BO52-BR52 -> 143.91667 | BT52: =_xlfn.XLOOKUP(J52,'[5]Product List'!$A:$A,'[5]Product List'!$B:$B,0) -> 0 | BU52: =BS52+BR52 -> 143.91667 | BV52: 0 | BW52: 6 | BX52: 0 | BY52: =BW52-BX52 -> 6 | CA52: =BU52+BV52+BX52-BW52-BZ52 -> 137.91667 | CD52: 137.91667 | CE52: 0 | CF52: =_xlfn.XLOOKUP(B52,[2]Sheet1!$A$4:$A$38,[2]Sheet1!$B$4:$B$38) -> 8 | CG52: 0 | CH52: =CF52-CG52 -> 8 | CJ52: =CD52+CE52+CG52-CF52-CI52 -> 129.91667 | CL52: =CK52+CJ52 -> 129.91667 | CM52: 10
A53: PEANUT BUTTER | B53: WKFLD.PEANUT BUTTER CREAMY 12*1KG | C53: 1900 | D53: 5844.1558 | E53: 12 | BB53: =AZ53-BA53 -> 0 | BC53: =AX53+AY53+BA53-AZ53 -> 0 | BD53: 100 | BE53: =+BC53 -> 0 | BF53: 100 | BG53: 23.25 | BH53: 0 | BI53: =+BG53-BH53 -> 23.25 | BK53: =BE53+BF53+BH53-BG53-BJ53 -> 76.75 | BL53: =_xlfn.XLOOKUP(B53,'[5]Product List'!$A:$A,'[5]Product List'!$B:$B,0) -> 0 | BM53: =+BK53+BJ53 -> 76.75 | BN53: 0 | BO53: 36 | BP53: 0 | BQ53: =BO53-BP53 -> 36 | BS53: =BM53+BN53+BP53-BO53-BR53 -> 40.75 | BT53: =_xlfn.XLOOKUP(J53,'[5]Product List'!$A:$A,'[5]Product List'!$B:$B,0) -> 0 | BU53: =BS53+BR53 -> 40.75 | BV53: 0 | BW53: 21 | BX53: 0 | BY53: =BW53-BX53 -> 21 | CA53: =BU53+BV53+BX53-BW53-BZ53 -> 19.75 | CD53: 19.75 | CE53: 0 | CF53: =_xlfn.XLOOKUP(B53,[2]Sheet1!$A$4:$A$38,[2]Sheet1!$B$4:$B$38) -> 5 | CG53: 0 | CH53: =CF53-CG53 -> 5 | CJ53: =CD53+CE53+CG53-CF53-CI53 -> 14.75 | CL53: =CK53+CJ53 -> 14.75 | CM53: 14 | CN53: 50
A54: PEANUT BUTTER | B54: WKFLD.PEANUT BUTTER CRUNCHY 12*1KG | C54: 1900 | D54: 5844.1558 | E54: 12 | BB54: =AZ54-BA54 -> 0 | BC54: =AX54+AY54+BA54-AZ54 -> 0 | BD54: 100 | BE54: =+BC54 -> 0 | BF54: 100 | BG54: 24 | BH54: 0 | BI54: =+BG54-BH54 -> 24 | BK54: =BE54+BF54+BH54-BG54-BJ54 -> 76 | BL54: =_xlfn.XLOOKUP(B54,'[5]Product List'!$A:$A,'[5]Product List'!$B:$B,0) -> 0 | BM54: =+BK54+BJ54 -> 76 | BN54: 0 | BO54: 36 | BP54: 0 | BQ54: =BO54-BP54 -> 36 | BS54: =BM54+BN54+BP54-BO54-BR54 -> 40 | BT54: =_xlfn.XLOOKUP(J54,'[5]Product List'!$A:$A,'[5]Product List'!$B:$B,0) -> 0 | BU54: =BS54+BR54 -> 40 | BV54: 0 | BW54: 21 | BX54: 0 | BY54: =BW54-BX54 -> 21 | CA54: =BU54+BV54+BX54-BW54-BZ54 -> 19 | CD54: 19 | CE54: 0 | CF54: =_xlfn.XLOOKUP(B54,[2]Sheet1!$A$4:$A$38,[2]Sheet1!$B$4:$B$38) -> 5 | CG54: 0 | CH54: =CF54-CG54 -> 5 | CJ54: =CD54+CE54+CG54-CF54-CI54 -> 14 | CL54: =CK54+CJ54 -> 14 | CM54: 14 | CN54: 50
B55: Peanut Butter Total | F55: =SUM(F47:F50) -> 306.84347 | G55: =SUM(G47:G50) -> 0 | H55: =SUM(H47:H50) -> 88.25 | I55: =SUM(I47:I50) -> 24.5416 | J55: =SUM(J47:J50) -> 243.13507 | K55: =SUM(K47:K50) -> 0 | L55: =SUM(L47:L50) -> 0 | M55: =SUM(M47:M50) -> 243.13507 | ... AW55: =SUM(AW47:AW50) -> 0 | AX55: =SUM(AX47:AX54) -> 119.79167 | AY55: =SUM(AY47:AY54) -> 300 | AZ55: =SUM(AZ47:AZ54) -> 123.58333 | BA55: =SUM(BA47:BA54) -> 0 | BB55: =SUM(BB47:BB54) -> 123.58333 | BC55: =SUM(BC47:BC54) -> 296.20834 | BD55: =SUM(BD47:BD54) -> 600 | BE55: =SUM(BE47:BE54) -> 296.20834 | ... BV55: =SUM(BV47:BV54) -> 380 | BW55: 214.0834 | BX55: 26.7917 | BY55: =SUM(BY47:BY54) -> 187.2917 | BZ55: =SUM(BZ47:BZ54) -> 0 | CA55: =SUM(CA47:CA54) -> 646.04164 | CB55: =SUM(CB47:CB54) -> 20 | CC55: =SUM(CC47:CC54) -> 0 | CD55: =SUM(CD47:CD54) -> 646.04164 | CE55: =SUM(CE47:CE54) -> 0 | CF55: =SUM(CF47:CF54) -> 108.9999 | ... CL55: =SUM(CL47:CL54) -> 549.12504 | CN55: =SUM(CN47:CN54) -> 300
A56: PASTA | B56: WKFLD. CHEFS BASKET PASTA ELBOW 24*500GM | C56: 750 | D56: 2746.2121 | E56: 24 | F56: ='24-25'!CI43 -> 302.32503 | G56: 0 | H56: 69.625 | J56: =F56+G56+I56-H56 -> 232.70003 | M56: =J56 -> 232.70003 | N56: 0 | O56: 244.25 | P56: 14.6667 | Q56: =M56+N56+P56-O56 -> 3.116733 | S56: =Q56 -> 3.116733 | U56: 42.116767 | V56: 41.5417 | W56: =S56+T56+V56-U56 -> 2.541666 | X56: 300 | Y56: =W56 -> 2.541666 | Z56: 585 | AA56: 380.45833 | AB56: 10 | AC56: =AA56-AB56 -> 370.45833 | AD56: =Y56+Z56+AB56-AA56 -> 217.08333 | AE56: 400 | AF56: =+AE56-AC56 -> 29.541668 | AG56: =+AD56 -> 217.08333 | AH56: 0 | AI56: 197.70833 | AK56: =AI56-AJ56 -> 197.70833 | AL56: =AG56+AH56+AJ56-AI56 -> 19.375001 | AO56: =+AL56 -> 19.375001 | AP56: 250 | AQ56: 55.583333 | AR56: 0.5417 | AS56: =AQ56-AR56 -> 55.041633 | AT56: =AO56+AP56+AR56-AQ56 -> 214.33337 | AX56: =+AT56 -> 214.33337 | AY56: 250 | AZ56: 79 | BA56: 0 | BB56: =AZ56-BA56 -> 79 | BC56: =AX56+AY56+BA56-AZ56 -> 385.33337 | BE56: =+BC56 -> 385.33337 | BF56: 0 | BG56: 218.83333 | BH56: 0 | BI56: =+BG56-BH56 -> 218.83333 | BK56: =BE56+BF56+BH56-BG56-BJ56 -> 166.50003 | BL56: 200 | BM56: =+BK56+BJ56 -> 166.50003 | BN56: 0 | BO56: 187.08333 | BP56: 21.0833 | BQ56: =BO56-BP56 -> 166.00003 | BS56: =BM56+BN56+BP56-BO56-BR56 -> 0.500002 | BU56: =BS56+BR56 -> 0.500002 | BV56: 200 | BW56: 148.2084 | BX56: 5.6667 | BY56: =BW56-BX56 -> 142.5417 | CA56: =BU56+BV56+BX56-BW56-BZ56 -> 57.958302 | CD56: 57.958302 | CE56: =_xlfn.XLOOKUP(B56,[4]Sheet2!$A$5:$A$25,[4]Sheet2!$B$5:$B$25) -> 200 | CF56: =_xlfn.XLOOKUP(B56,[2]Sheet1!$A$4:$A$38,[2]Sheet1!$B$4:$B$38) -> 128.75 | CG56: =_xlfn.XLOOKUP(B56,[3]Sheet1!$A$4:$A$22,[3]Sheet1!$B$4:$B$22) -> 2.875 | CH56: =CF56-CG56 -> 125.875 | CJ56: =CD56+CE56+CG56-CF56-CI56 -> 132.0833 | CL56: =CK56+CJ56 -> 132.0833 | CM56: =CL56+CK56 -> 132.0833 | CN56: 225
A57: PASTA | B57: WKFLD. CHEFS BASKET PASTA FUSILLI 24*500GM | C57: 750 | D57: 2746.2121 | E57: 24 | F57: ='24-25'!CI44 -> 294.08663 | G57: 0 | H57: 79.625 | J57: =F57+G57+I57-H57 -> 214.46163 | M57: =J57 -> 214.46163 | N57: 0 | O57: 227.45833 | P57: 16.3333 | Q57: =M57+N57+P57-O57 -> 3.336601 | S57: =Q57 -> 3.336601 | U57: 95.211701 | V57: 95.0001 | W57: =S57+T57+V57-U57 -> 3.125 | X57: 300 | Y57: =W57 -> 3.125 | Z57: 502 | AA57: 376.66667 | AB57: 10 | AC57: =AA57-AB57 -> 366.66667 | AD57: =Y57+Z57+AB57-AA57 -> 138.45833 | AE57: 400 | AF57: =+AE57-AC57 -> 33.333334 | AG57: =+AD57 -> 138.45833 | AH57: 0 | AI57: 124.41667 | AK57: =AI57-AJ57 -> 124.41667 | AL57: =AG57+AH57+AJ57-AI57 -> 14.041668 | AO57: =+AL57 -> 14.041668 | AP57: 260 | AQ57: 64 | AR57: 0 | AS57: =AQ57-AR57 -> 64 | AT57: =AO57+AP57+AR57-AQ57 -> 210.04167 | AX57: =+AT57 -> 210.04167 | AY57: 230 | AZ57: 102.125 | BA57: 0 | BB57: =AZ57-BA57 -> 102.125 | BC57: =AX57+AY57+BA57-AZ57 -> 337.91667 | BD57: 100 | BE57: =+BC57 -> 337.91667 | BF57: 100 | BG57: 205.75 | BH57: 0 | BI57: =+BG57-BH57 -> 205.75 | BK57: =BE57+BF57+BH57-BG57-BJ57 -> 232.16667 | BL57: 100 | BM57: =+BK57+BJ57 -> 232.16667 | BN57: 0 | BO57: 197.91667 | BP57: 23.9167 | BQ57: =BO57-BP57 -> 173.99997 | BS57: =BM57+BN57+BP57-BO57-BR57 -> 58.166702 | BU57: =BS57+BR57 -> 58.166702 | BV57: 100 | BW57: 162.5417 | BX57: 32.875 | BY57: =BW57-BX57 -> 129.6667 | CA57: =BU57+BV57+BX57-BW57-BZ57 -> 28.500002 | CD57: 28.500002 | CE57: =_xlfn.XLOOKUP(B57,[4]Sheet2!$A$5:$A$25,[4]Sheet2!$B$5:$B$25) -> 200 | CF57: =_xlfn.XLOOKUP(B57,[2]Sheet1!$A$4:$A$38,[2]Sheet1!$B$4:$B$38) -> 100.7917 | CG57: =_xlfn.XLOOKUP(B57,[3]Sheet1!$A$4:$A$22,[3]Sheet1!$B$4:$B$22) -> 2.9167 | CH57: =CF57-CG57 -> 97.875 | CJ57: =CD57+CE57+CG57-CF57-CI57 -> 130.625 | CL57: =CK57+CJ57 -> 130.625 | CM57: =CL57+CK57 -> 130.625 | CN57: 225
A58: PASTA | B58: WKFLD. CHEFS BASKET PASTA SHELL 24*500GM | C58: 750 | D58: 2746.2121 | E58: 24 | S58: 0 | V58: 0 | X58: 400 | Y58: 0 | Z58: 400 | AA58: =249.125-50 -> 199.125 | AB58: 0 | AC58: =AA58-AB58 -> 199.125 | AD58: =Y58+Z58+AB58-AA58 -> 200.875 | AE58: 0 | AF58: =+AE58-AC58 -> -199.125 | AG58: =+AD58 -> 200.875 | AH58: 0 | AI58: 185 | AK58: =AI58-AJ58 -> 185 | AL58: =AG58+AH58+AJ58-AI58 -> 15.875 | AO58: =+AL58 -> 15.875 | AP58: 250 | AQ58: 55 | AR58: 0 | AS58: =AQ58-AR58 -> 55 | AT58: =AO58+AP58+AR58-AQ58 -> 210.875 | AX58: =+AT58 -> 210.875 | AY58: 230 | AZ58: 206.20833 | BA58: 0 | BB58: =AZ58-BA58 -> 206.20833 | BC58: =AX58+AY58+BA58-AZ58 -> 234.66667 | BE58: =+BC58 -> 234.66667 | BF58: 0 | BG58: 161.20833 | BH58: 0 | BI58: =+BG58-BH58 -> 161.20833 | BK58: =BE58+BF58+BH58-BG58-BJ58 -> 73.458334 | BL58: 200 | BM58: =+BK58+BJ58 -> 73.458334 | BN58: 0 | BO58: 88 | BP58: 15 | BQ58: =BO58-BP58 -> 73 | BS58: =BM58+BN58+BP58-BO58-BR58 -> 0.458334 | BU58: =BS58+BR58 -> 0.458334 | BV58: 200 | BW58: 93.2083 | BX58: 25.2083 | BY58: =BW58-BX58 -> 68 | CA58: =BU58+BV58+BX58-BW58-BZ58 -> 132.45833 | CD58: 132.45833 | CE58: =_xlfn.XLOOKUP(B58,[4]Sheet2!$A$5:$A$25,[4]Sheet2!$B$5:$B$25) -> 200 | CF58: =_xlfn.XLOOKUP(B58,[2]Sheet1!$A$4:$A$38,[2]Sheet1!$B$4:$B$38) -> 66 | CG58: 0 | CH58: =CF58-CG58 -> 66 | CJ58: =CD58+CE58+CG58-CF58-CI58 -> 266.45833 | CL58: =CK58+CJ58 -> 266.45833 | CM58: =CL58+CK58 -> 266.45833 | CN58: 200
A59: PASTA | B59: WKFLD. CHEFS BASKET PASTA PENNE 24*500GM | C59: 750 | D59: 2746.2121 | E59: 24 | F59: ='24-25'!CI45 -> 177.85827 | G59: 0 | H59: 75.625 | J59: =F59+G59+I59-H59 -> 102.23327 | M59: =J59 -> 102.23327 | N59: 0 | O59: 123.125 | P59: 21.125 | Q59: =M59+N59+P59-O59 -> 0.233268 | R59: 100 | S59: =Q59 -> 0.233268 | T59: 100 | U59: 145.77493 | V59: 53.625 | W59: =S59+T59+V59-U59 -> 8.083333 | X59: 400 | Y59: =W59 -> 8.083333 | Z59: 690 | AA59: 317.83333 | AB59: 10 | AC59: =AA59-AB59 -> 307.83333 | AD59: =Y59+Z59+AB59-AA59 -> 390.25 | AE59: 400 | AF59: =+AE59-AC59 -> 92.166667 | AG59: =+AD59 -> 390.25 | AH59: 0 | AI59: 229.29167 | AK59: =AI59-AJ59 -> 229.29167 | AL59: =AG59+AH59+AJ59-AI59 -> 160.95833 | AO59: =+AL59 -> 160.95833 | AP59: 260 | AQ59: 65.625 | AR59: 0.625 | AS59: =AQ59-AR59 -> 65 | AT59: =AO59+AP59+AR59-AQ59 -> 355.95833 | AX59: =+AT59 -> 355.95833 | AY59: 210 | AZ59: 119.25 | BA59: 0 | BB59: =AZ59-BA59 -> 119.25 | BC59: =AX59+AY59+BA59-AZ59 -> 446.70833 | BE59: =+BC59 -> 446.70833 | BF59: 0 | BG59: 237.08333 | BH59: 0 | BI59: =+BG59-BH59 -> 237.08333 | BK59: =BE59+BF59+BH59-BG59-BJ59 -> 209.625 | BL59: 200 | BM59: =+BK59+BJ59 -> 209.625 | BN59: 0 | BO59: 257 | BP59: 50 | BQ59: =BO59-BP59 -> 207 | BS59: =BM59+BN59+BP59-BO59-BR59 -> 2.625001 | BU59: =BS59+BR59 -> 2.625001 | BV59: 200 | BW59: 195.375 | BX59: 17.2917 | BY59: =BW59-BX59 -> 178.0833 | CA59: =BU59+BV59+BX59-BW59-BZ59 -> 24.541701 | CD59: 24.541701 | CE59: =_xlfn.XLOOKUP(B59,[4]Sheet2!$A$5:$A$25,[4]Sheet2!$B$5:$B$25) -> 300 | CF59: =_xlfn.XLOOKUP(B59,[2]Sheet1!$A$4:$A$38,[2]Sheet1!$B$4:$B$38) -> 217.5417 | CG59: =_xlfn.XLOOKUP(B59,[3]Sheet1!$A$4:$A$22,[3]Sheet1!$B$4:$B$22) -> 4.6667 | CH59: =CF59-CG59 -> 212.875 | CJ59: =CD59+CE59+CG59-CF59-CI59 -> 111.6667 | CL59: =CK59+CJ59 -> 111.6667 | CM59: =CL59+CK59 -> 111.6667 | CN59: 200
A60: PASTA | B60: WKFLD. CHEFS BASKET PASTA ELBOW 36*350GM | CL60: =CK60+CJ60 -> 0
A61: PASTA | B61: WKFLD. CHEFS BASKET PASTA FUSILLI 36*350GM | CL61: =CK61+CJ61 -> 0
A62: PASTA | B62: WKFLD. CHEFS BASKET PASTA SHELL 36*350GM | CL62: =CK62+CJ62 -> 0
A63: PASTA | B63: WKFLD. CHEFS BASKET PASTA PENNE 36*350GM | CL63: =CK63+CJ63 -> 0
A64: PASTA | B64: WKFLD. CHEFS BASKET PASTA ELBOW 18*700GM | CL64: =CK64+CJ64 -> 0
A65: PASTA | B65: WKFLD. CHEFS BASKET PASTA FUSILLI 18*700GM | CL65: =CK65+CJ65 -> 0
A66: PASTA | B66: WKFLD. CHEFS BASKET PASTA SHELL 18*700GM | CL66: =CK66+CJ66 -> 0
A67: PASTA | B67: WKFLD. CHEFS BASKET PASTA PENNE 18*700GM | CL67: =CK67+CJ67 -> 0
B68: Pasta Sauce Total | F68: =SUM(F56:F59) -> 774.26994 | G68: =SUM(G56:G59) -> 0 | H68: =SUM(H56:H59) -> 224.875 | I68: =SUM(I56:I59) -> 0 | J68: =SUM(J56:J59) -> 549.39494 | K68: =SUM(K56:K59) -> 0 | L68: =SUM(L56:L59) -> 0 | M68: =SUM(M56:M59) -> 549.39494 | ... BT68: =SUM(BT56:BT59) -> 0 | BU68: =SUM(BU56:BU67) -> 61.750039 | BV68: =SUM(BV56:BV67) -> 700 | BW68: =SUM(BW56:BW67) -> 599.3334 | BX68: =SUM(BX56:BX67) -> 81.0417 | BY68: =SUM(BY56:BY67) -> 518.2917 | BZ68: =SUM(BZ56:BZ67) -> 0 | CA68: =SUM(CA56:CA67) -> 243.45834 | CB68: =SUM(CB56:CB67) -> 0 | ... CL68: =SUM(CL56:CL67) -> 640.83334 | CN68: =SUM(CN56:CN67) -> 850
B69: Total Total | F69: =F68+F43+F40+F34+F28+F23+F17+F14+F11+F46+F55 -> 2777.8678 | G69: =G68+G43+G40+G34+G28+G23+G17+G14+G11+G46+G55 -> 920 | H69: =H68+H43+H40+H34+H28+H23+H17+H14+H11+H46+H55 -> 1056.75 | I69: =I68+I43+I40+I34+I28+I23+I17+I14+I11+I46+I55 -> 24.5416 | J69: =J68+J43+J40+J34+J28+J23+J17+J14+J11+J46+J55 -> 2665.6594 | K69: =K68+K43+K40+K34+K28+K23+K17+K14+K11+K46+K55 -> 0 | L69: =L68+L43+L40+L34+L28+L23+L17+L14+L11+L46+L55 -> 0 | M69: =M68+M43+M40+M34+M28+M23+M17+M14+M11+M46+M55 -> 2665.6594 | ... CL69: =CL68+CL43+CL40+CL34+CL28+CL23+CL17+CL14+CL11+CL46+CL55 -> 3841.0386 | CN69: =CN68+CN43+CN40+CN34+CN28+CN23+CN17+CN14+CN11+CN46+CN55 -> 2620
BP71: =BM69-BQ69 -> 2281.0665

Sheet Sheet2
A1: Product Description | B1: PRIMARY TILL 31-04-2024 | C1: SALES RETURN | D1: PRIMARY TILL 31-05-2024 | E1: SALES RETURN | F1: PRIMARY TILL 30-06-2024 | G1: SALES RETURN | H1: PRIMARY TILL 31-07-2024 | I1: SALES RETURN | J1: PRIMARY TILL 31-08-2024 | K1: SALES RETURN | L1: PRIMARY TILL 30-09-2024 | M1: SALES RETURN | N1: PRIMARY TILL 30-10-2024 | O1: SALES RETURN | P1: PRIMARY TILL 30-11-2024 | Q1: SALES RETURN | R1: PRIMARY TILL 30-12-2024 | S1: SALES RETURN | T1: PRIMARY TILL 31-01-2025 | U1: SALES RETURN | V1: PRIMARY TILL 28-02-2025 | W1: SALES RETURN | X1: PRIMARY TILL 31-03-2025 | Y1: SALES RETURN | Z1: Total Primary | AA1: Sales Return | AB1: Net Sales | AC1: Avg
A2: WKFLD. BAKING POWDER 100*100GM | B2: 3.27 | C2: 2.27 | D2: 102.65 | E2: 6 | F2: 65 | H2: 91.4 | I2: 4.4 | J2: 88.69 | K2: 7.69 | L2: 81 | N2: 28 | P2: 67 | Q2: 5 | R2: 41.4 | S2: 14.1 | T2: 77 | U2: 4.92 | V2: 34.36 | W2: 4.74 | X2: 65 | Y2: 6.34 | Z2: =B2+D2+F2+H2+J2+L2+N2+P2+R2+T2+V2+X2 -> 744.77 | AA2: =C2+E2+G2+I2+K2+M2+O2+Q2+S2+U2+W2+Y2 -> 55.46 | AB2: =Z2-AA2 -> 689.31 | AC2: =AB2/12 -> 57.4425
A3: WKFLD. BAKING POWDER 30*400GM | B3: 171.1 | C3: 19.2 | D3: 294.43 | E3: 10 | F3: 229 | G3: 2 | H3: 214.6 | I3: 9 | J3: 212.5333 | K3: 6.73 | L3: 363.1333 | N3: 86 | P3: 285 | Q3: 0 | R3: 316.8 | S3: 41.5667 | T3: 268.03333 | U3: 36.8 | V3: 392 | W3: 8.5333 | X3: 349.2 | Y3: 12.0333 | Z3: =B3+D3+F3+H3+J3+L3+N3+P3+R3+T3+V3+X3 -> 3181.8299 | AA3: =C3+E3+G3+I3+K3+M3+O3+Q3+S3+U3+W3+Y3 -> 145.8633 | AB3: =Z3-AA3 -> 3035.9666 | AC3: =AB3/12 -> 252.99722
A4: WKFLD. BAKING POWDER 4*3KG | B4: 108.5 | C4: 3 | D4: 234.5 | E4: 0 | F4: 100 | H4: 220.5 | I4: 0 | J4: 220 | K4: 0 | L4: 216.5 | N4: 126 | P4: 120 | Q4: 0 | R4: 238 | S4: 58 | T4: 225 | U4: 22.5 | V4: 115 | W4: 8 | X4: 165.5 | Y4: 65.5 | Z4: =B4+D4+F4+H4+J4+L4+N4+P4+R4+T4+V4+X4 -> 2089.5 | AA4: =C4+E4+G4+I4+K4+M4+O4+Q4+S4+U4+W4+Y4 -> 157 | AB4: =Z4-AA4 -> 1932.5 | AC4: =AB4/12 -> 161.04167
A5: WKFLD. BAKING SODA 100*100GM | B5: 52.62 | C5: 1.22 | D5: 60.1 | E5: 10 | F5: 56 | H5: 82.27 | I5: 4.27 | J5: 70.92 | K5: 4.92 | L5: 69.02 | N5: 26 | P5: 73 | Q5: 0 | R5: 43.38 | S5: 7.76 | T5: 54.01 | U5: 0 | V5: 39 | W5: 3.6 | X5: 56 | Y5: 3.87 | Z5: =B5+D5+F5+H5+J5+L5+N5+P5+R5+T5+V5+X5 -> 682.32 | AA5: =C5+E5+G5+I5+K5+M5+O5+Q5+S5+U5+W5+Y5 -> 35.64 | AB5: =Z5-AA5 -> 646.68 | AC5: =AB5/12 -> 53.89
A6: WKFLD. COCOA POWDER 40*150GM | B6: 0 | C6: 0 | D6: 0 | E6: 0 | F6: 0 | H6: 0 | I6: 0 | J6: 0.43 | K6: 0.43 | L6: 53.3 | N6: 11.1 | P6: 21.6 | Q6: 0 | R6: 35.4 | S6: 2.4 | T6: 26 | U6: 0 | V6: 5 | W6: 0 | X6: 26.675 | Y6: 7.075 | Z6: =B6+D6+F6+H6+J6+L6+N6+P6+R6+T6+V6+X6 -> 179.505 | AA6: =C6+E6+G6+I6+K6+M6+O6+Q6+S6+U6+W6+Y6 -> 9.905 | AB6: =Z6-AA6 -> 169.6 | AC6: =AB6/12 -> 14.133333
A7: WKFLD. COCOA POWDER 96*50GM | B7: 0 | C7: 0 | D7: 22.92 | E7: 22.92 | F7: 0 | H7: 0 | I7: 0 | J7: 0 | K7: 0 | L7: 40.25 | N7: 1 | P7: 19 | Q7: 0 | R7: 31.5 | S7: 1.75 | T7: 23 | U7: 0 | V7: 2 | W7: 0 | X7: 15.25 | Y7: 4.1354 | Z7: =B7+D7+F7+H7+J7+L7+N7+P7+R7+T7+V7+X7 -> 154.92 | AA7: =C7+E7+G7+I7+K7+M7+O7+Q7+S7+U7+W7+Y7 -> 28.8054 | AB7: =Z7-AA7 -> 126.1146 | AC7: =AB7/12 -> 10.50955
A8: WKFLD. CORNFLOUR 100*100GM | B8: 42 | C8: 3.73 | D8: 35.38 | E8: 5 | F8: 29 | H8: 36.82 | I8: 3.41 | J8: 53.07 | K8: 4.44 | L8: 48 | N8: 14 | P8: 32.69 | Q8: 0 | R8: 39.25 | S8: 2.23 | T8: 55 | U8: 5.07 | V8: 14 | W8: 5.65 | X8: 36 | Y8: 3.62 | Z8: =B8+D8+F8+H8+J8+L8+N8+P8+R8+T8+V8+X8 -> 435.21 | AA8: =C8+E8+G8+I8+K8+M8+O8+Q8+S8+U8+W8+Y8 -> 33.15 | AB8: =Z8-AA8 -> 402.06 | AC8: =AB8/12 -> 33.505
A9: WKFLD. CORNFLOUR 20*500GM | B9: 85 | C9: 7.15 | D9: 71.4 | E9: 5 | F9: 54 | H9: 42.5 | I9: 5.4 | J9: 152 | K9: 4 | L9: 155 | N9: 21 | P9: 138 | Q9: 0 | R9: 131.1 | S9: 11.35 | T9: 39.55 | U9: 9.45 | V9: 83 | W9: 2.15 | X9: 111.05 | Y9: 2.55 | Z9: =B9+D9+F9+H9+J9+L9+N9+P9+R9+T9+V9+X9 -> 1083.6 | AA9: =C9+E9+G9+I9+K9+M9+O9+Q9+S9+U9+W9+Y9 -> 47.05 | AB9: =Z9-AA9 -> 1036.55 | AC9: =AB9/12 -> 86.379167
A10: WKFLD. CORNFLOUR 25*1000GM | B10: 0.92 | C10: 0 | D10: 92.44 | E10: 0 | F10: 49 | H10: 33.08 | I10: 5 | J10: 47.48 | K10: 2.2 | L10: 64 | N10: 16 | P10: 29 | Q10: 0 | R10: 41.64 | S10: 18.48 | T10: 34 | U10: 0 | V10: 4 | W10: 0 | X10: 71 | Y10: 1.64 | Z10: =B10+D10+F10+H10+J10+L10+N10+P10+R10+T10+V10+X10 -> 482.56 | AA10: =C10+E10+G10+I10+K10+M10+O10+Q10+S10+U10+W10+Y10 -> 27.32 | AB10: =Z10-AA10 -> 455.24 | AC10: =AB10/12 -> 37.936667
A11: WKFLD. CUSTARD POWDER VANILLA 100*100GM | B11: 23 | C11: 0 | D11: 60.58 | E11: 5 | F11: 50 | H11: 32.91 | I11: 2.91 | J11: 43.83 | K11: 2.05 | L11: 41 | N11: 1 | P11: 14 | Q11: 0 | R11: 12.84 | S11: 17.84 | T11: 27 | U11: 3.29 | V11: 7 | W11: 6.02 | X11: 33 | Y11: 3.45 | Z11: =B11+D11+F11+H11+J11+L11+N11+P11+R11+T11+V11+X11 -> 346.16 | AA11: =C11+E11+G11+I11+K11+M11+O11+Q11+S11+U11+W11+Y11 -> 40.56 | AB11: =Z11-AA11 -> 305.6 | AC11: =AB11/12 -> 25.466667
A12: WKFLD. CUSTARD POWDER VANILLA 20*500GM | B12: 68 | C12: 7.4 | D12: 78.95 | E12: 5 | F12: 51 | H12: 44.85 | I12: 7 | J12: 77.05 | K12: 0.05 | L12: 63 | N12: 26 | P12: 70 | Q12: 0 | R12: 65.4 | S12: 25.75 | T12: 36.55 | U12: 1.05 | V12: 36 | W12: 7.55 | X12: 68 | Y12: 7.15 | Z12: =B12+D12+F12+H12+J12+L12+N12+P12+R12+T12+V12+X12 -> 684.8 | AA12: =C12+E12+G12+I12+K12+M12+O12+Q12+S12+U12+W12+Y12 -> 60.95 | AB12: =Z12-AA12 -> 623.85 | AC12: =AB12/12 -> 51.9875
A13: WKFLD. DRINKING CHOCOLATE 20*500GM | B13: 247.2 | C13: 0.75 | D13: 181.55 | E13: 10 | F13: 0 | H13: 167.35 | I13: 0.25 | J13: 114.55 | K13: 5.55 | L13: 170 | N13: 50 | P13: 333.1 | Q13: 0 | R13: 147.5 | S13: 22.05 | T13: 97.75 | U13: 13.45 | V13: 54.05 | W13: 4 | X13: 532.45 | Y13: 4.15 | Z13: =B13+D13+F13+H13+J13+L13+N13+P13+R13+T13+V13+X13 -> 2095.5 | AA13: =C13+E13+G13+I13+K13+M13+O13+Q13+S13+U13+W13+Y13 -> 60.2 | AB13: =Z13-AA13 -> 2035.3 | AC13: =AB13/12 -> 169.60833
A14: WKFLD. DRINKING CHOCOLATE 20*500GM+100GM | P14: 0 | R14: 0 | T14: 0 | U14: 0 | V14: 0 | X14: 9 | Y14: 0 | Z14: =B14+D14+F14+H14+J14+L14+N14+P14+R14+T14+V14+X14 -> 9 | AA14: =C14+E14+G14+I14+K14+M14+O14+Q14+S14+U14+W14+Y14 -> 0 | AB14: =Z14-AA14 -> 9 | AC14: =AB14/12 -> 0.75
A15: WKFLD. DRINKING CHOCOLATE 40*200GM | B15: 21 | C15: 0.68 | D15: 26.31 | E15: 0 | F15: 4 | H15: 27.015 | I15: 1.45 | J15: 24.3 | K15: 2.5 | L15: 26.3 | M15: 3 | N15: 2 | P15: 23 | Q15: 9 | R15: 27.5 | S15: 1.875 | T15: 26.9 | U15: 6.9 | V15: 1 | W15: 8.275 | X15: 16.325 | Y15: 1.975 | Z15: =B15+D15+F15+H15+J15+L15+N15+P15+R15+T15+V15+X15 -> 225.65 | AA15: =C15+E15+G15+I15+K15+M15+O15+Q15+S15+U15+W15+Y15 -> 35.655 | AB15: =Z15-AA15 -> 189.995 | AC15: =AB15/12 -> 15.832917
A16: WKFLD. DRINKING CHOCOLATE 96*100GM | B16: 28.42 | C16: 0 | D16: 45.84 | E16: 5 | F16: 10 | H16: 18.22 | I16: 11.64 | J16: 5.77 | K16: 2.77 | L16: 32.625 | M16: 2 | N16: 5 | P16: 31.708333 | Q16: 9 | R16: 11.052083 | S16: 1.1459 | T16: 24.489583 | U16: 1.895833 | V16: 1 | W16: 3.0104 | X16: =20.6875-3 -> 17.6875 | Y16: 5.6771 | Z16: =B16+D16+F16+H16+J16+L16+N16+P16+R16+T16+V16+X16 -> 231.8125 | AA16: =C16+E16+G16+I16+K16+M16+O16+Q16+S16+U16+W16+Y16 -> 42.139233 | AB16: =Z16-AA16 -> 189.67327 | AC16: =AB16/12 -> 15.806106
A17: WKFLD. JELLY CRYSTALS MANGO 100*90GM | B17: 0 | C17: 0 | D17: =VLOOKUP(A17,[1]Sheet1!$A:$B,2,0) -> 17.06 | E17: 0 | F17: 0 | H17: 0 | I17: 0 | J17: 0 | K17: 0 | L17: 0 | N17: 0 | P17: 0 | Q17: 0 | R17: 0 | S17: 0 | T17: 0 | U17: 0 | V17: 0 | W17: 0 | X17: 0 | Y17: 0 | Z17: =B17+D17+F17+H17+J17+L17+N17+P17+R17+T17+V17+X17 -> 17.06 | AA17: =C17+E17+G17+I17+K17+M17+O17+Q17+S17+U17+W17+Y17 -> 0 | AB17: =Z17-AA17 -> 17.06 | AC17: =AB17/12 -> 1.4216667
A18: WKFLD. JELLY CRYSTALS PINEAPPLE 100*90GM | B18: 0 | C18: 0 | D18: =VLOOKUP(A18,[1]Sheet1!$A:$B,2,0) -> 0.36 | E18: 0 | F18: 0 | H18: 0 | I18: 0 | J18: 0 | K18: 0 | L18: 0 | N18: 0 | P18: 0 | Q18: 0 | R18: 0 | S18: 0 | T18: 0 | U18: 0 | V18: 0 | W18: 0 | X18: 0 | Y18: 0 | Z18: =B18+D18+F18+H18+J18+L18+N18+P18+R18+T18+V18+X18 -> 0.36 | AA18: =C18+E18+G18+I18+K18+M18+O18+Q18+S18+U18+W18+Y18 -> 0 | AB18: =Z18-AA18 -> 0.36 | AC18: =AB18/12 -> 0.03
A19: WKFLD. JELLY CRYSTALS ORANGE 100*90GM | B19: 0 | C19: 0 | D19: =VLOOKUP(A19,[1]Sheet1!$A:$B,2,0) -> 21.89 | E19: 0 | F19: 0 | H19: 0 | I19: 0 | J19: 0 | K19: 0 | L19: 0 | N19: 0 | P19: 0 | Q19: 0 | R19: 0 | S19: 0 | T19: 0 | U19: 0 | V19: 0 | W19: 0 | X19: 0 | Y19: 0 | Z19: =B19+D19+F19+H19+J19+L19+N19+P19+R19+T19+V19+X19 -> 21.89 | AA19: =C19+E19+G19+I19+K19+M19+O19+Q19+S19+U19+W19+Y19 -> 0 | AB19: =Z19-AA19 -> 21.89 | AC19: =AB19/12 -> 1.8241667
A20: WKFLD. JELLY CRYSTALS RASPBERRY 100*90GM | B20: 0 | C20: 0 | D20: 19.8 | E20: 0 | F20: 0 | H20: 15 | I20: 0 | J20: 0 | K20: 0 | L20: 2 | N20: 0 | P20: 0 | Q20: 0 | R20: 1 | S20: 0 | T20: 3 | U20: 0 | V20: 2 | W20: 0 | X20: 3 | Y20: 0 | Z20: =B20+D20+F20+H20+J20+L20+N20+P20+R20+T20+V20+X20 -> 45.8 | AA20: =C20+E20+G20+I20+K20+M20+O20+Q20+S20+U20+W20+Y20 -> 0 | AB20: =Z20-AA20 -> 45.8 | AC20: =AB20/12 -> 3.8166667
A21: WKFLD. JELLY CRYSTALS STRAWBERRY 100*90GM | B21: 0 | C21: 0 | D21: 10.43 | E21: 0 | F21: 0 | H21: 15 | I21: 0 | J21: 0 | K21: 0 | L21: 4 | N21: 0 | P21: 1 | Q21: 1 | R21: 2 | S21: 0 | T21: 3 | U21: 0 | V21: 2 | W21: 0 | X21: 3 | Y21: 0 | Z21: =B21+D21+F21+H21+J21+L21+N21+P21+R21+T21+V21+X21 -> 40.43 | AA21: =C21+E21+G21+I21+K21+M21+O21+Q21+S21+U21+W21+Y21 -> 1 | AB21: =Z21-AA21 -> 39.43 | AC21: =AB21/12 -> 3.2858333
A22: WKFLD. MUSTARD POWDER 20*500GM | B22: 10 | C22: 3.25 | D22: =VLOOKUP(A22,[1]Sheet1!$A:$B,2,0) -> 22.9 | E22: 0 | F22: 9 | H22: 17 | I22: 2 | J22: 21.45 | K22: 19 | L22: 21 | N22: 3 | P22: 17 | Q22: 9 | R22: 8.95 | S22: 3.95 | T22: 5 | U22: 0 | V22: 3 | W22: 0 | X22: 2 | Y22: 11.4 | Z22: =B22+D22+F22+H22+J22+L22+N22+P22+R22+T22+V22+X22 -> 140.3 | AA22: =C22+E22+G22+I22+K22+M22+O22+Q22+S22+U22+W22+Y22 -> 48.6 | AB22: =Z22-AA22 -> 91.7 | AC22: =AB22/12 -> 7.6416667
A23: WKFLD. MUSTARD POWDER 50*100GM | B23: 2 | C23: 0.46 | D23: =VLOOKUP(A23,[1]Sheet1!$A:$B,2,0) -> 19.08 | E23: 0 | F23: 7 | H23: 13 | I23: 1 | J23: 7 | K23: 6.56 | L23: 2 | N23: 0 | P23: 0 | Q23: 0 | R23: 2.5 | S23: 2.26 | T23: 6 | U23: 0 | V23: 1 | W23: 0 | X23: 1 | Y23: 4.74 | Z23: =B23+D23+F23+H23+J23+L23+N23+P23+R23+T23+V23+X23 -> 60.58 | AA23: =C23+E23+G23+I23+K23+M23+O23+Q23+S23+U23+W23+Y23 -> 15.02 | AB23: =Z23-AA23 -> 45.56 | AC23: =AB23/12 -> 3.7966667
A24: WKFLD. MUSTARD SAUCE 24*225GM | B24: 0 | C24: 0 | D24: 3 | E24: 5 | F24: 2 | H24: 4.79 | I24: 1 | J24: 0 | K24: 0 | L24: 0 | N24: 0 | P24: 0 | Q24: 0 | R24: 0 | S24: 0 | T24: 5 | U24: 0 | V24: 0 | W24: 0 | X24: 10.041666 | Y24: 0 | Z24: =B24+D24+F24+H24+J24+L24+N24+P24+R24+T24+V24+X24 -> 24.831666 | AA24: =C24+E24+G24+I24+K24+M24+O24+Q24+S24+U24+W24+Y24 -> 6 | AB24: =Z24-AA24 -> 18.831666 | AC24: =AB24/12 -> 1.5693055
A25: WKFLD. PEPRICO SAUCE 90GM*36 | B25: 3 | C25: 0 | D25: 2 | E25: 0 | F25: 0 | H25: 0 | I25: 1 | J25: 2 | K25: 1 | L25: 2.6667 | N25: 5.4444 | O25: 3.47 | P25: 0 | Q25: 0 | R25: 11.138888 | S25: 0 | T25: 18 | U25: 2.083333 | V25: 0 | W25: 0 | X25: 4 | Y25: 0.4723 | Z25: =B25+D25+F25+H25+J25+L25+N25+P25+R25+T25+V25+X25 -> 48.249988 | AA25: =C25+E25+G25+I25+K25+M25+O25+Q25+S25+U25+W25+Y25 -> 8.025633 | AB25: =Z25-AA25 -> 40.224355 | AC25: =AB25/12 -> 3.3520296
A26: WKFLD.PEANUT BUTTER CREAMY 24*340GM | B26: 66 | C26: 12.59 | D26: 79.21 | E26: 8.33 | F26: 79.29 | H26: 81 | I26: 8.41 | J26: 113.21 | K26: 6.5 | L26: 111.5833 | N26: 24.1667 | P26: 15 | Q26: 0 | R26: 27.041666 | S26: 50.625 | T26: 49 | U26: 30.833333 | V26: 25 | W26: 9.4583 | X26: =94-50+37.99 -> 81.99 | Y26: 8.5417 | Z26: =B26+D26+F26+H26+J26+L26+N26+P26+R26+T26+V26+X26 -> 752.49167 | AA26: =C26+E26+G26+I26+K26+M26+O26+Q26+S26+U26+W26+Y26 -> 135.28833 | AB26: =Z26-AA26 -> 617.20333 | AC26: =AB26/12 -> 51.433611
A27: WKFLD.PEANUT BUTTER CRUNCHY 24*340GM | B27: 66 | C27: 18.88 | D27: 73.29 | E27: 4 | F27: 95.25 | H27: 86.21 | I27: 19.41 | J27: 97.21 | K27: 35.67 | L27: 111.1217 | N27: 24 | P27: 16 | Q27: 0 | R27: 30.666666 | S27: 35.7084 | T27: 49 | U27: 27.583333 | V27: 26 | W27: 13.0417 | X27: =56-40+12 -> 28 | Y27: 8.5001 | Z27: =B27+D27+F27+H27+J27+L27+N27+P27+R27+T27+V27+X27 -> 702.74837 | AA27: =C27+E27+G27+I27+K27+M27+O27+Q27+S27+U27+W27+Y27 -> 162.79353 | AB27: =Z27-AA27 -> 539.95483 | AC27: =AB27/12 -> 44.996236
A28: WKFLD.PEANUT BUTTER CREAMY 24*510GM | F28: 114 | H28: 23.04 | I28: 0 | J28: 21.9583 | K28: 17 | L28: 46 | N28: 31 | P28: 31 | Q28: 0 | R28: 20.5 | S28: 6.875 | T28: 29 | U28: 8.583333 | V28: 3 | W28: 6.625 | X28: 18 | Y28: 5.25 | Z28: =B28+D28+F28+H28+J28+L28+N28+P28+R28+T28+V28+X28 -> 337.4983 | AA28: =C28+E28+G28+I28+K28+M28+O28+Q28+S28+U28+W28+Y28 -> 44.333333 | AB28: =Z28-AA28 -> 293.16497 | AC28: =AB28/12 -> 24.430414
A29: WKFLD.PEANUT BUTTER CRUNCHY 24*510GM | F29: 114 | H29: 23 | I29: 0 | J29: 30 | K29: 17 | L29: 45 | N29: 31 | P29: 37 | Q29: 0 | R29: 29.708333 | S29: 6.9167 | T29: 28 | U29: 11.416666 | V29: 8 | W29: 8.4167 | X29: 18 | Y29: 3.8334 | Z29: =B29+D29+F29+H29+J29+L29+N29+P29+R29+T29+V29+X29 -> 363.70833 | AA29: =C29+E29+G29+I29+K29+M29+O29+Q29+S29+U29+W29+Y29 -> 47.583466 | AB29: =Z29-AA29 -> 316.12487 | AC29: =AB29/12 -> 26.343739
A30: WKFLD. CHEFS BASKET PASTA ELBOW 24*500GM | B30: 152.04 | C30: 18.46 | D30: 194.67 | E30: 0.33 | F30: 180.76 | H30: 124.75 | I30: 14.5 | J30: 250.55 | K30: 15.93 | L30: 224.125 | M30: 40 | N30: 66.625 | P30: 116 | Q30: 17 | R30: 180.91667 | S30: 25.9167 | T30: 247 | U30: 15.833333 | V30: 62 | W30: 11 | X30: 200.04167 | Y30: 73.1666 | Z30: =B30+D30+F30+H30+J30+L30+N30+P30+R30+T30+V30+X30 -> 1999.4783 | AA30: =C30+E30+G30+I30+K30+M30+O30+Q30+S30+U30+W30+Y30 -> 232.13663 | AB30: =Z30-AA30 -> 1767.3417 | AC30: =AB30/12 -> 147.27847
A31: WKFLD. CHEFS BASKET PASTA FUSILLI 24*500GM | B31: 154.01 | C31: 25.34 | D31: 189.08 | E31: 0 | F31: 154 | H31: 110.34 | I31: 19.8 | J31: 247.42 | K31: 8.38 | L31: 203 | N31: 33.1667 | P31: 99 | Q31: 29 | R31: 188.58333 | S31: 61.2083 | T31: 231 | U31: 17.083333 | V31: 54 | W31: 4.6667 | X31: 163.04167 | Y31: 92.5 | Z31: =B31+D31+F31+H31+J31+L31+N31+P31+R31+T31+V31+X31 -> 1826.6417 | AA31: =C31+E31+G31+I31+K31+M31+O31+Q31+S31+U31+W31+Y31 -> 257.97833 | AB31: =Z31-AA31 -> 1568.6634 | AC31: =AB31/12 -> 130.72195
A32: WKFLD. CHEFS BASKET PASTA PENNE 24*500GM | B32: 177.01 | C32: 13.13 | D32: 255.63 | E32: 0 | F32: 183.01 | H32: 145.88 | I32: 17.42 | J32: 283.42 | K32: 12.55 | L32: 277 | M32: 50 | N32: 83.4167 | P32: 288.04167 | Q32: 54 | R32: 175.58333 | S32: 63.5833 | T32: 299 | U32: 2 | V32: 139 | W32: 9.25 | X32: 243.04167 | Y32: 87.4583 | Z32: =B32+D32+F32+H32+J32+L32+N32+P32+R32+T32+V32+X32 -> 2550.0334 | AA32: =C32+E32+G32+I32+K32+M32+O32+Q32+S32+U32+W32+Y32 -> 309.3916 | AB32: =Z32-AA32 -> 2240.6418 | AC32: =AB32/12 -> 186.72015
A33: Total Total | B33: =SUM(B2:B32) -> 1481.09 | C33: =SUM(C2:C32) -> 137.51 | D33: =SUM(D2:D32) -> 2215.45 | E33: =SUM(E2:E32) -> 101.58 | F33: =SUM(F2:F32) -> 1635.31 | G33: =SUM(G2:G32) -> 2 | H33: =SUM(H2:H32) -> 1670.525 | I33: =SUM(I2:I32) -> 139.27 | ... AC33: =SUM(AC2:AC32) -> 1625.9492
